[
  {
    "auditDetails": "{\"occurredOn\":\"2023-07-07T07:51:03.662Z\",\"performedBy\":\"Prabhat Bhoi\",\"performedByUserId\":\"c087905\",\"performedByUserName\":\"Prabhat Bhoi\",\"eventDescription\":\"Account updated\",\"details\":\"EstablishAccount\"}",
    "businessLine": "template",
    "createdBy": "c087905",
    "createdByName": "Prabhat Bhoi",
    "createdDate": "2023-07-07T07:51:04.707",
    "description": "Account updated",
    "details": "EstablishAccount",
    "id": "d9f6d44f-3b93-43c9-a887-659c6c4b06f6",
    "modifiedBy": "c087905",
    "modifiedByName": "Prabhat Bhoi",
    "modifiedDate": "2023-07-07T07:51:04.707",
    "onboardingId": 12932
  },
  {
    "auditDetails": "{\"occurredOn\":\"2023-07-10T08:00:11.484Z ,type\\u003dEdm.DateTime\",\"performedBy\":\"Prabhat\",\"performedByUserId\":\"c087905\",\"performedByUserName\":\"Prabhat\",\"eventDescription\":\"Deal updated\",\"details\":\"Onboarding event initiated\"}",
    "businessLine": "template",
    "createdBy": "c087905",
    "createdByName": "Prabhat",
    "createdDate": "2023-07-10T16:35:10.21",
    "description": "Deal updated",
    "details": "Onboarding event initiated",
    "id": "bdab42d0-95eb-4559-aa3b-800424e05ffe",
    "modifiedBy": "c087905",
    "modifiedByName": "Prabhat",
    "modifiedDate": "2023-07-10T16:35:10.21",
    "onboardingId": 12932
  },
  {
    "auditDetails": "null",
    "businessLine": "template",
    "createdBy": "",
    "createdByName": "",
    "createdDate": "2023-07-10T11:35:58.677",
    "description": "",
    "details": "",
    "id": "5bcc7530-c9d1-4b37-8ecc-a69fea5428ba",
    "modifiedBy": "",
    "modifiedByName": "",
    "modifiedDate": "2023-07-10T11:35:58.677",
    "onboardingId": 12932
  },
  {
    "auditDetails": "{\"occurredOn\":\"2023-03-02T08:00:11.484Z ,type\\u003dEdm.DateTime\",\"performedBy\":\"Prashant\",\"performedByUserId\":\"c081954\",\"performedByUserName\":\"Prashant\",\"eventDescription\":\"Deal updated\",\"details\":\"EstablishAccount\"}",
    "businessLine": "template",
    "createdBy": "c081954",
    "createdByName": "Prashant",
    "createdDate": "2023-07-07T08:01:20.35",
    "description": "Deal updated",
    "details": "EstablishAccount",
    "id": "287f8a40-4d9b-4fdf-b429-d6dc5dd5d5bf",
    "modifiedBy": "c081954",
    "modifiedByName": "Prashant",
    "modifiedDate": "2023-07-07T08:01:20.35",
    "onboardingId": 12932
  },
  {
    "auditDetails": "null",
    "businessLine": "template",
    "createdBy": "",
    "createdByName": "",
    "createdDate": "2023-07-10T11:31:46.767",
    "description": "",
    "details": "",
    "id": "85a42a9b-4e9d-4b3c-a3e3-e7048a81ba32",
    "modifiedBy": "",
    "modifiedByName": "",
    "modifiedDate": "2023-07-10T11:31:46.767",
    "onboardingId": 12932
  }
]
