[
  {
    "id": "Afghanistan",
    "value": "Afghanistan"
  },
  {
    "id": "Albania",
    "value": "Albania"
  },
  {
    "id": "Algeria",
    "value": "Algeria"
  },
  {
    "id": "American Samoa",
    "value": "American Samoa"
  },
  {
    "id": "Andorra",
    "value": "Andorra"
  },
  {
    "id": "Angola",
    "value": "Angola"
  },
  {
    "id": "Anguilla",
    "value": "Anguilla"
  },
  {
    "id": "Antigua and Barbuda",
    "value": "Antigua and Barbuda"
  },
  {
    "id": "Argentina",
    "value": "Argentina"
  },
  {
    "id": "Armenia",
    "value": "Armenia"
  },
  {
    "id": "Aruba",
    "value": "Aruba"
  },
  {
    "id": "Australia",
    "value": "Australia"
  },
  {
    "id": "Austria",
    "value": "Austria"
  },
  {
    "id": "Azerbaijan",
    "value": "Azerbaijan"
  },
  {
    "id": "Bahrain",
    "value": "Bahrain"
  },
  {
    "id": "Bangladesh",
    "value": "Bangladesh"
  },
  {
    "id": "Barbados",
    "value": "Barbados"
  },
  {
    "id": "Belarus",
    "value": "Belarus"
  },
  {
    "id": "Belgium",
    "value": "Belgium"
  },
  {
    "id": "Belize",
    "value": "Belize"
  },
  {
    "id": "Benin",
    "value": "Benin"
  },
  {
    "id": "Bermuda",
    "value": "Bermuda"
  },
  {
    "id": "Bhutan",
    "value": "Bhutan"
  },
  {
    "id": "Bolivia",
    "value": "Bolivia"
  },
  {
    "id": "Bosnia and Herzegovina",
    "value": "Bosnia and Herzegovina"
  },
  {
    "id": "Botswana",
    "value": "Botswana"
  },
  {
    "id": "Brazil",
    "value": "Brazil"
  },
  {
    "id": "British Virgin Islands",
    "value": "British Virgin Islands"
  },
  {
    "id": "Brunei",
    "value": "Brunei"
  },
  {
    "id": "Bulgaria",
    "value": "Bulgaria"
  },
  {
    "id": "Burkina Faso",
    "value": "Burkina Faso"
  },
  {
    "id": "Burundi",
    "value": "Burundi"
  },
  {
    "id": "Cambodia",
    "value": "Cambodia"
  },
  {
    "id": "Cameroon",
    "value": "Cameroon"
  },
  {
    "id": "Canada",
    "value": "Canada"
  },
  {
    "id": "Cape Verde",
    "value": "Cape Verde"
  },
  {
    "id": "Cayman Islands",
    "value": "Cayman Islands"
  },
  {
    "id": "Central African Republic",
    "value": "Central African Republic"
  },
  {
    "id": "Chad",
    "value": "Chad"
  },
  {
    "id": "Chile",
    "value": "Chile"
  },
  {
    "id": "Christmas Island",
    "value": "Christmas Island"
  },
  {
    "id": "Cocos(Keeling) Islands",
    "value": "Cocos(Keeling) Islands"
  },
  {
    "id": "Colombia",
    "value": "Colombia"
  },
  {
    "id": "Comoros",
    "value": "Comoros"
  },
  {
    "id": "Congo",
    "value": "Congo"
  },
  {
    "id": "Cook Islands",
    "value": "Cook Islands"
  },
  {
    "id": "Costa Rica",
    "value": "Costa Rica"
  },
  {
    "id": "Cote d'Ivoire",
    "value": "Cote d'Ivoire"
  },
  {
    "id": "Croatia",
    "value": "Croatia"
  },
  {
    "id": "Cuba",
    "value": "Cuba"
  },
  {
    "id": "Cyprus",
    "value": "Cyprus"
  },
  {
    "id": "Czech Republic",
    "value": "Czech Republic"
  },
  {
    "id": "Denmark",
    "value": "Denmark"
  },
  {
    "id": "Djibouti",
    "value": "Djibouti"
  },
  {
    "id": "Dominica",
    "value": "Dominica"
  },
  {
    "id": "Dominican Republic",
    "value": "Dominican Republic"
  },
  {
    "id": "Ecuador",
    "value": "Ecuador"
  },
  {
    "id": "Egypt",
    "value": "Egypt"
  },
  {
    "id": "El Salvador",
    "value": "El Salvador"
  },
  {
    "id": "Equatorial Guinea",
    "value": "Equatorial Guinea"
  },
  {
    "id": "Eritrea",
    "value": "Eritrea"
  },
  {
    "id": "Estonia",
    "value": "Estonia"
  },
  {
    "id": "Ethiopia",
    "value": "Ethiopia"
  },
  {
    "id": "Falkland Islands",
    "value": "Falkland Islands"
  },
  {
    "id": "Faroe Islands",
    "value": "Faroe Islands"
  },
  {
    "id": "Fiji",
    "value": "Fiji"
  },
  {
    "id": "Finland",
    "value": "Finland"
  },
  {
    "id": "France",
    "value": "France"
  },
  {
    "id": "French Polynesia",
    "value": "French Polynesia"
  },
  {
    "id": "Gabon",
    "value": "Gabon"
  },
  {
    "id": "Georgia",
    "value": "Georgia"
  },
  {
    "id": "Germany",
    "value": "Germany"
  },
  {
    "id": "Ghana",
    "value": "Ghana"
  },
  {
    "id": "Gibraltar",
    "value": "Gibraltar"
  },
  {
    "id": "Greece",
    "value": "Greece"
  },
  {
    "id": "Greenland",
    "value": "Greenland"
  },
  {
    "id": "Grenada",
    "value": "Grenada"
  },
  {
    "id": "Guadeloupe",
    "value": "Guadeloupe"
  },
  {
    "id": "Guam",
    "value": "Guam"
  },
  {
    "id": "Guatemala",
    "value": "Guatemala"
  },
  {
    "id": "Guernsey",
    "value": "Guernsey"
  },
  {
    "id": "Guinea",
    "value": "Guinea"
  },
  {
    "id": "Guinea - Bissau",
    "value": "Guinea - Bissau"
  },
  {
    "id": "Guyana",
    "value": "Guyana"
  },
  {
    "id": "Haiti",
    "value": "Haiti"
  },
  {
    "id": "Honduras",
    "value": "Honduras"
  },
  {
    "id": "Hong Kong",
    "value": "Hong Kong"
  },
  {
    "id": "Hungary",
    "value": "Hungary"
  },
  {
    "id": "Iceland",
    "value": "Iceland"
  },
  {
    "id": "India",
    "value": "India"
  },
  {
    "id": "Indonesia",
    "value": "Indonesia"
  },
  {
    "id": "Iran",
    "value": "Iran"
  },
  {
    "id": "Iraq",
    "value": "Iraq"
  },
  {
    "id": "Ireland",
    "value": "Ireland"
  },
  {
    "id": "Isle of Man",
    "value": "Isle of Man"
  },
  {
    "id": "Israel",
    "value": "Israel"
  },
  {
    "id": "Italy",
    "value": "Italy"
  },
  {
    "id": "Jamaica",
    "value": "Jamaica"
  },
  {
    "id": "Japan",
    "value": "Japan"
  },
  {
    "id": "Jersey",
    "value": "Jersey"
  },
  {
    "id": "Jordan",
    "value": "Jordan"
  },
  {
    "id": "Kazakhstan",
    "value": "Kazakhstan"
  },
  {
    "id": "Kenya",
    "value": "Kenya"
  },
  {
    "id": "Kiribati",
    "value": "Kiribati"
  },
  {
    "id": "Kosovo",
    "value": "Kosovo"
  },
  {
    "id": "Kuwait",
    "value": "Kuwait"
  },
  {
    "id": "Kyrgyzstan",
    "value": "Kyrgyzstan"
  },
  {
    "id": "Laos",
    "value": "Laos"
  },
  {
    "id": "Latvia",
    "value": "Latvia"
  },
  {
    "id": "Lebanon",
    "value": "Lebanon"
  },
  {
    "id": "Lesotho",
    "value": "Lesotho"
  },
  {
    "id": "Liberia",
    "value": "Liberia"
  },
  {
    "id": "Libya",
    "value": "Libya"
  },
  {
    "id": "Liechtenstein",
    "value": "Liechtenstein"
  },
  {
    "id": "Lithuania",
    "value": "Lithuania"
  },
  {
    "id": "Luxembourg",
    "value": "Luxembourg"
  },
  {
    "id": "Macau",
    "value": "Macau"
  },
  {
    "id": "Macedonia",
    "value": "Macedonia"
  },
  {
    "id": "Madagascar",
    "value": "Madagascar"
  },
  {
    "id": "Malawi",
    "value": "Malawi"
  },
  {
    "id": "Malaysia",
    "value": "Malaysia"
  },
  {
    "id": "Maldives",
    "value": "Maldives"
  },
  {
    "id": "Mali",
    "value": "Mali"
  },
  {
    "id": "Malta",
    "value": "Malta"
  },
  {
    "id": "Marshall Islands",
    "value": "Marshall Islands"
  },
  {
    "id": "Martinique",
    "value": "Martinique"
  },
  {
    "id": "Mauritania",
    "value": "Mauritania"
  },
  {
    "id": "Mauritius",
    "value": "Mauritius"
  },
  {
    "id": "Mayotte",
    "value": "Mayotte"
  },
  {
    "id": "Mexico",
    "value": "Mexico"
  },
  {
    "id": "Micronesia",
    "value": "Micronesia"
  },
  {
    "id": "Moldova",
    "value": "Moldova"
  },
  {
    "id": "Monaco",
    "value": "Monaco"
  },
  {
    "id": "Mongolia",
    "value": "Mongolia"
  },
  {
    "id": "Montenegro",
    "value": "Montenegro"
  },
  {
    "id": "Montserrat",
    "value": "Montserrat"
  },
  {
    "id": "Morocco",
    "value": "Morocco"
  },
  {
    "id": "Mozambique",
    "value": "Mozambique"
  },
  {
    "id": "Myanmar",
    "value": "Myanmar"
  },
  {
    "id": "Nagorno - Karabakh",
    "value": "Nagorno - Karabakh"
  },
  {
    "id": "Namibia",
    "value": "Namibia"
  },
  {
    "id": "Nauru",
    "value": "Nauru"
  },
  {
    "id": "Nepal",
    "value": "Nepal"
  },
  {
    "id": "Netherlands",
    "value": "Netherlands"
  },
  {
    "id": "Netherlands Antilles",
    "value": "Netherlands Antilles"
  },
  {
    "id": "New Caledonia",
    "value": "New Caledonia"
  },
  {
    "id": "New Zealand",
    "value": "New Zealand"
  },
  {
    "id": "Nicaragua",
    "value": "Nicaragua"
  },
  {
    "id": "Niger",
    "value": "Niger"
  },
  {
    "id": "Nigeria",
    "value": "Nigeria"
  },
  {
    "id": "Niue",
    "value": "Niue"
  },
  {
    "id": "Norfolk Island",
    "value": "Norfolk Island"
  },
  {
    "id": "North Korea",
    "value": "North Korea"
  },
  {
    "id": "Northern Mariana",
    "value": "Northern Mariana"
  },
  {
    "id": "Norway",
    "value": "Norway"
  },
  {
    "id": "Oman",
    "value": "Oman"
  },
  {
    "id": "Pakistan",
    "value": "Pakistan"
  },
  {
    "id": "Palau",
    "value": "Palau"
  },
  {
    "id": "Palestine",
    "value": "Palestine"
  },
  {
    "id": "Panama",
    "value": "Panama"
  },
  {
    "id": "Papua New Guinea",
    "value": "Papua New Guinea"
  },
  {
    "id": "Paraguay",
    "value": "Paraguay"
  },
  {
    "id": "People 's Republic of China",
    "value": "People 's Republic of China"
  },
  {
    "id": "Peru",
    "value": "Peru"
  },
  {
    "id": "Philippines",
    "value": "Philippines"
  },
  {
    "id": "Pitcairn Islands",
    "value": "Pitcairn Islands"
  },
  {
    "id": "Poland",
    "value": "Poland"
  },
  {
    "id": "Portugal",
    "value": "Portugal"
  },
  {
    "id": "Puerto Rico",
    "value": "Puerto Rico"
  },
  {
    "id": "Qatar",
    "value": "Qatar"
  },
  {
    "id": "Republic of China",
    "value": "Republic of China"
  },
  {
    "id": "Romania",
    "value": "Romania"
  },
  {
    "id": "Russia",
    "value": "Russia"
  },
  {
    "id": "Rwanda",
    "value": "Rwanda"
  },
  {
    "id": "Saint Barthelemy",
    "value": "Saint Barthelemy"
  },
  {
    "id": "Saint Helena",
    "value": "Saint Helena"
  },
  {
    "id": "Saint Kitts and Nevis",
    "value": "Saint Kitts and Nevis"
  },
  {
    "id": "Saint Lucia",
    "value": "Saint Lucia"
  },
  {
    "id": "Saint Martin",
    "value": "Saint Martin"
  },
  {
    "id": "Saint Pierre and Miquelon",
    "value": "Saint Pierre and Miquelon"
  },
  {
    "id": "Saint Vincent and the Grenadines",
    "value": "Saint Vincent and the Grenadines"
  },
  {
    "id": "Samoa",
    "value": "Samoa"
  },
  {
    "id": "San Marino",
    "value": "San Marino"
  },
  {
    "id": "Sao Tome and Principe",
    "value": "Sao Tome and Principe"
  },
  {
    "id": "Saudi Arabia",
    "value": "Saudi Arabia"
  },
  {
    "id": "Senegal",
    "value": "Senegal"
  },
  {
    "id": "Serbia",
    "value": "Serbia"
  },
  {
    "id": "Seychelles",
    "value": "Seychelles"
  },
  {
    "id": "Sierra Leone",
    "value": "Sierra Leone"
  },
  {
    "id": "Singapore",
    "value": "Singapore"
  },
  {
    "id": "Slovakia",
    "value": "Slovakia"
  },
  {
    "id": "Slovenia",
    "value": "Slovenia"
  },
  {
    "id": "Solomon Islands",
    "value": "Solomon Islands"
  },
  {
    "id": "Somalia",
    "value": "Somalia"
  },
  {
    "id": "Somaliland",
    "value": "Somaliland"
  },
  {
    "id": "South Africa",
    "value": "South Africa"
  },
  {
    "id": "South Korea",
    "value": "South Korea"
  },
  {
    "id": "South Ossetia",
    "value": "South Ossetia"
  },
  {
    "id": "Spain",
    "value": "Spain"
  },
  {
    "id": "Sri Lanka",
    "value": "Sri Lanka"
  },
  {
    "id": "Sudan",
    "value": "Sudan"
  },
  {
    "id": "Suriname",
    "value": "Suriname"
  },
  {
    "id": "Svalbard",
    "value": "Svalbard"
  },
  {
    "id": "Swaziland",
    "value": "Swaziland"
  },
  {
    "id": "Sweden",
    "value": "Sweden"
  },
  {
    "id": "Switzerland",
    "value": "Switzerland"
  },
  {
    "id": "Syria",
    "value": "Syria"
  },
  {
    "id": "Taiwan",
    "value": "Taiwan"
  },
  {
    "id": "Tajikistan",
    "value": "Tajikistan"
  },
  {
    "id": "Tanzania",
    "value": "Tanzania"
  },
  {
    "id": "Thailand",
    "value": "Thailand"
  },
  {
    "id": "The Bahamas",
    "value": "The Bahamas"
  },
  {
    "id": "The Gambia",
    "value": "The Gambia"
  },
  {
    "id": "Timor - Leste",
    "value": "Timor - Leste"
  },
  {
    "id": "Togo",
    "value": "Togo"
  },
  {
    "id": "Tokelau",
    "value": "Tokelau"
  },
  {
    "id": "Tonga",
    "value": "Tonga"
  },
  {
    "id": "Transnistria Pridnestrovie",
    "value": "Transnistria Pridnestrovie"
  },
  {
    "id": "Trinidad and Tobago",
    "value": "Trinidad and Tobago"
  },
  {
    "id": "Tristan da Cunha",
    "value": "Tristan da Cunha"
  },
  {
    "id": "Tunisia",
    "value": "Tunisia"
  },
  {
    "id": "Turkey",
    "value": "Turkey"
  },
  {
    "id": "Turkish Republic of Northern Cyprus",
    "value": "Turkish Republic of Northern Cyprus"
  },
  {
    "id": "Turkmenistan",
    "value": "Turkmenistan"
  },
  {
    "id": "Turks and Caicos Islands",
    "value": "Turks and Caicos Islands"
  },
  {
    "id": "Tuvalu",
    "value": "Tuvalu"
  },
  {
    "id": "Uganda",
    "value": "Uganda"
  },
  {
    "id": "Ukraine",
    "value": "Ukraine"
  },
  {
    "id": "United Arab Emirates",
    "value": "United Arab Emirates"
  },
  {
    "id": "United Kingdom",
    "value": "United Kingdom"
  },
  {
    "id": "United States",
    "value": "United States"
  },
  {
    "id": "Uruguay",
    "value": "Uruguay"
  },
  {
    "id": "US Virgin Islands",
    "value": "US Virgin Islands"
  },
  {
    "id": "Uzbekistan",
    "value": "Uzbekistan"
  },
  {
    "id": "Vanuatu",
    "value": "Vanuatu"
  },
  {
    "id": "Vatican City",
    "value": "Vatican City"
  },
  {
    "id": "Venezuela",
    "value": "Venezuela"
  },
  {
    "id": "Vietnam",
    "value": "Vietnam"
  },
  {
    "id": "Wallis and Futuna",
    "value": "Wallis and Futuna"
  },
  {
    "id": "Western Sahara",
    "value": "Western Sahara"
  },
  {
    "id": "Yemen",
    "value": "Yemen"
  },
  {
    "id": "Zambia",
    "value": "Zambia"
  },
  {
    "id": "Zimbabwe",
    "value": "Zimbabwe"
  }
]
