{
  "data": {
    "documentList": [
      {
        "documentName": "FileName101.pdf",
        "documentType": "Authorized signer's list",
        "status": "Returned",
        "uploadedBy": "Bob Chipeska",
        "uploadedOn": "12/22/2021 9:23 AM"
      },
      {
        "documentName": "Sample1.pdf",
        "documentType": "Authorized signer's list",
        "status": "Returned",
        "uploadedBy": "Bob Chipeska",
        "uploadedOn": "12/22/2021 9:23 AM"
      },
      {
        "documentName": "FileName101.pdf",
        "documentType": "Authorized signer's list",
        "status": "Returned",
        "uploadedBy": "Bob Chipeska",
        "uploadedOn": "12/22/2021 9:23 AM"
      },
      {
        "documentName": "FileName101.pdf",
        "documentType": "Authorized signer's list",
        "status": "Returned",
        "uploadedBy": "Bob Chipeska",
        "uploadedOn": "12/22/2021 9:23 AM"
      },
      {
        "documentName": "FileName101.pdf",
        "documentType": "Authorized signer's list",
        "status": "Returned",
        "uploadedBy": "Bob Chipeska",
        "uploadedOn": "12/22/2021 9:23 AM"
      }
    ]
  }
}