{
  "documentHeaders": [
    {
      "classNames": "",
      "columnType": "withIcon",
      "dataType": "node",
      "fieldFor": "documentName",
      "headerName": "Document name",
      "isSortable": true,
      "isWidth": "22%",
      "sortValues": [
        "Oldest",
        "Newest"
      ]
    },
    {
      "dataType": "node",
      "fieldFor": "documentType",
      "headerName": "Document type",
      "isSortable": true,
      "isWidth": "20%",
      "sortValues": [
        "Oldest",
        "Newest"
      ],
      "tooltipKey": "info"
    },
    {
      "columnType": "withIcon",
      "dataType": "node",
      "fieldFor": "status",
      "headerName": "Status",
      "iconName": "USBIconWarning",
      "isSortable": true,
      "isWidth": "15%",
      "sortValues": [
        "Oldest",
        "Newest"
      ],
      "tooltipKey": "info"
    },
    {
      "columnType": "default",
      "dataType": "node",
      "fieldFor": "uploadedOn",
      "headerName": "Uploaded on",
      "isSortable": true,
      "isWidth": "18%",
      "sortValues": [
        "Oldest",
        "Newest"
      ]
    },
    {
      "columnType": "default",
      "dataType": "node",
      "fieldFor": "uploadedBy",
      "headerName": "Uploaded by",
      "isSortable": true,
      "isWidth": "18%",
      "sortValues": [
        "Oldest",
        "Newest"
      ]
    },
    {
      "columnType": "menu",
      "dataType": "node",
      "fieldFor": "",
      "headerName": ""
    }
  ]
}