{
  "advisorId": "",
  "checklistId": "00000000-0000-0000-0000-000000000000",
  "classId": "",
  "createdBy": "txuser",
  "createdDate": "2023-06-08T12:17:03.286951500",
  "formName": "InitiateOnboardingTemplate",
  "fundId": "",
  "id": "b11da541-1c56-488b-8a8d-599a1e2d9fcf",
  "modifiedBy": "txuser",
  "modifiedByUserName": "Test User",
  "modifiedDate": "2023-06-08T12:17:03.286951500",
  "onboardingId": 4,
  "tabList": [
    {
      "completed": false,
      "isDisabled": false,
      "isVisible": true,
      "name": "Select product",
      "selectedTab": true,
      "status": "not_Started",
      "value": "selectproduct"
    },
    {
      "completed": false,
      "isDisabled": true,
      "isVisible": true,
      "name": "Client entity",
      "selectedTab": false,
      "status": "not_Started",
      "value": "cliententity"
    },
    {
      "completed": false,
      "isDisabled": true,
      "isVisible": true,
      "name": "Derivatives questionnaire",
      "selectedTab": false,
      "status": "not_Started",
      "value": "derivativesquestionnaire"
    },
    {
      "completed": false,
      "isDisabled": true,
      "isVisible": false,
      "name": "DRF",
      "selectedTab": false,
      "status": "not_Started",
      "value": "drf"
    },
    {
      "completed": false,
      "isDisabled": true,
      "isVisible": true,
      "name": "Review & Submit",
      "selectedTab": false,
      "status": "not_Started",
      "value": "reviewandsubmit"
    },
    {
      "completed": false,
      "isDisabled": true,
      "isVisible": false,
      "name": "Review & Approve",
      "selectedTab": false,
      "status": "not_Started",
      "value": "reviewandapprove"
    }
  ],
  "version": 0
}
