{
  "eventsFromDB": [
    {
      "accountType": "New",
      "checklistId": "00000000-0000-0000-0000-000000000000",
      "clientLegalName": "Thames Mount Sons & Co",
      "greenLightStatus": {
        "current": 0,
        "total": 8
      },
      "headersData": [
        {
          "headerName": "Derivatives customer profile",
          "headerValue": "In progress"
        },
        {
          "headerName": "KYC Documentation",
          "headerValue": "N/A"
        },
        {
          "headerName": "Dodd Frank Packet",
          "headerValue": "N/A"
        },
        {
          "headerName": "ISDA",
          "headerValue": "N/A"
        },
        {
          "headerName": "Credit Limit approval",
          "headerValue": "N/A"
        },
        {
          "headerName": "Green light memo",
          "headerValue": "N/A"
        }
      ],
      "lastUpdate": "2023-07-03 18:24:21.683",
      "marketerName": "Kaiman, David",
      "onboardingId": 7,
      "product": [
        "Commodities"
      ],
      "task": "Review & Approve"
    },
    {
      "accountType": "New",
      "checklistId": "00000000-0000-0000-0000-000000000000",
      "clientLegalName": "BlueRiver Brothers",
      "greenLightStatus": {
        "current": 1,
        "total": 6
      },
      "headersData": [
        {
          "headerName": "Derivatives customer profile",
          "headerValue": "In progress"
        },
        {
          "headerName": "KYC Documentation",
          "headerValue": "N/A"
        },
        {
          "headerName": "Dodd Frank Packet",
          "headerValue": "N/A"
        },
        {
          "headerName": "ISDA",
          "headerValue": "N/A"
        },
        {
          "headerName": "Credit Limit approval",
          "headerValue": "N/A"
        },
        {
          "headerName": "Green light memo",
          "headerValue": "N/A"
        }
      ],
      "lastUpdate": "2023-07-03 18:24:21.683",
      "marketerName": "Dziedzic, Mike",
      "onboardingId": 6,
      "product": [
        "Commodities",
        "Swaps"
      ],
      "task": "Review & Approve"
    },
    {
      "accountType": "Existing",
      "checklistId": "00000000-0000-0000-0000-000000000000",
      "clientLegalName": "GoldCrescent Markets, LLC.",
      "greenLightStatus": {
        "current": 3,
        "total": 9
      },
      "headersData": [
        {
          "headerName": "Derivatives customer profile",
          "headerValue": "In progress"
        },
        {
          "headerName": "KYC Documentation",
          "headerValue": "N/A"
        },
        {
          "headerName": "Dodd Frank Packet",
          "headerValue": "N/A"
        },
        {
          "headerName": "ISDA",
          "headerValue": "N/A"
        },
        {
          "headerName": "Credit Limit approval",
          "headerValue": "N/A"
        },
        {
          "headerName": "Green light memo",
          "headerValue": "N/A"
        }
      ],
      "lastUpdate": "2023-07-03 18:24:21.683",
      "marketerName": "Wahr, John",
      "onboardingId": 5,
      "product": [
        "DFI",
        "FX"
      ],
      "task": "Review & Approve"
    },
    {
      "accountType": "Existing",
      "checklistId": "00000000-0000-0000-0000-000000000000",
      "clientLegalName": "BlackOcean Management",
      "greenLightStatus": {
        "current": 4,
        "total": 8
      },
      "headersData": [
        {
          "headerName": "Derivatives customer profile",
          "headerValue": "In progress"
        },
        {
          "headerName": "KYC Documentation",
          "headerValue": "N/A"
        },
        {
          "headerName": "Dodd Frank Packet",
          "headerValue": "N/A"
        },
        {
          "headerName": "ISDA",
          "headerValue": "N/A"
        },
        {
          "headerName": "Credit Limit approval",
          "headerValue": "N/A"
        },
        {
          "headerName": "Green light memo",
          "headerValue": "N/A"
        }
      ],
      "lastUpdate": "2023-07-03 18:24:21.683",
      "marketerName": "Ip, Polly",
      "onboardingId": 4,
      "product": [
        "Commodities",
        "DFI",
        "FX",
        "Swaps"
      ],
      "task": "Review & Approve"
    },
    {
      "accountType": "New",
      "checklistId": "00000000-0000-0000-0000-000000000000",
      "clientLegalName": "HudsonBay Holdings",
      "greenLightStatus": {
        "current": 5,
        "total": 6
      },
      "headersData": [
        {
          "headerName": "Derivatives customer profile",
          "headerValue": "In progress"
        },
        {
          "headerName": "KYC Documentation",
          "headerValue": "N/A"
        },
        {
          "headerName": "Dodd Frank Packet",
          "headerValue": "N/A"
        },
        {
          "headerName": "ISDA",
          "headerValue": "N/A"
        },
        {
          "headerName": "Credit Limit approval",
          "headerValue": "N/A"
        },
        {
          "headerName": "Green light memo",
          "headerValue": "N/A"
        }
      ],
      "lastUpdate": "2023-07-03 18:24:21.683",
      "marketerName": "Abramowitz, Kenny",
      "onboardingId": 3,
      "product": [
        "DFI",
        "Swaps"
      ],
      "task": "Review & Approve"
    },
    {
      "accountType": "New",
      "checklistId": "00000000-0000-0000-0000-000000000000",
      "clientLegalName": "RedRock Capital",
      "greenLightStatus": {
        "current": 1,
        "total": 5
      },
      "headersData": [
        {
          "headerName": "Derivatives customer profile",
          "headerValue": "In progress"
        },
        {
          "headerName": "KYC Documentation",
          "headerValue": "N/A"
        },
        {
          "headerName": "Dodd Frank Packet",
          "headerValue": "N/A"
        },
        {
          "headerName": "ISDA",
          "headerValue": "N/A"
        },
        {
          "headerName": "Credit Limit approval",
          "headerValue": "N/A"
        },
        {
          "headerName": "Green light memo",
          "headerValue": "N/A"
        }
      ],
      "lastUpdate": "2023-07-03 18:24:21.683",
      "marketerName": "Geeza, Nick",
      "onboardingId": 2,
      "product": [
        "CAP"
      ],
      "task": "Review & Approve"
    },
    {
      "accountType": "Existing",
      "checklistId": "00000000-0000-0000-0000-000000000000",
      "clientLegalName": "StateHill Associates",
      "greenLightStatus": {
        "current": 8,
        "total": 8
      },
      "headersData": [
        {
          "headerName": "Derivatives customer profile",
          "headerValue": "In progress"
        },
        {
          "headerName": "KYC Documentation",
          "headerValue": "N/A"
        },
        {
          "headerName": "Dodd Frank Packet",
          "headerValue": "N/A"
        },
        {
          "headerName": "ISDA",
          "headerValue": "N/A"
        },
        {
          "headerName": "Credit Limit approval",
          "headerValue": "N/A"
        },
        {
          "headerName": "Green light memo",
          "headerValue": "N/A"
        }
      ],
      "lastUpdate": "2023-07-03 18:24:21.683",
      "marketerName": "Byrne, Max",
      "onboardingId": 1,
      "product": [
        "Commodities"
      ],
      "task": "Review & Approve"
    }
  ]
}
