[
  {
    "id": "Alabama",
    "value": "Alabama"
  },
  {
    "id": "Alaska",
    "value": "Alaska"
  },
  {
    "id": "Arizona",
    "value": "Arizona"
  },
  {
    "id": "Arkansas",
    "value": "Arkansas"
  },
  {
    "id": "California",
    "value": "California"
  },
  {
    "id": "Colorado",
    "value": "Colorado"
  },
  {
    "id": "Connecticut",
    "value": "Connecticut"
  },
  {
    "id": "Delaware",
    "value": "Delaware"
  },
  {
    "id": "District of Columbia",
    "value": "District of Columbia"
  },
  {
    "id": "Florida",
    "value": "Florida"
  },
  {
    "id": "Georgia",
    "value": "Georgia"
  },
  {
    "id": "Guam",
    "value": "Guam"
  },
  {
    "id": "Hawaii",
    "value": "Hawaii"
  },
  {
    "id": "Idaho",
    "value": "Idaho"
  },
  {
    "id": "Illinois",
    "value": "Illinois"
  },
  {
    "id": "Indiana",
    "value": "Indiana"
  },
  {
    "id": "Iowa",
    "value": "Iowa"
  },
  {
    "id": "Kansas",
    "value": "Kansas"
  },
  {
    "id": "Kentucky",
    "value": "Kentucky"
  },
  {
    "id": "Louisiana",
    "value": "Louisiana"
  },
  {
    "id": "Maine",
    "value": "Maine"
  },
  {
    "id": "Maryland",
    "value": "Maryland"
  },
  {
    "id": "Massachusetts",
    "value": "Massachusetts"
  },
  {
    "id": "Michigan",
    "value": "Michigan"
  },
  {
    "id": "Minnesota",
    "value": "Minnesota"
  },
  {
    "id": "Mississippi",
    "value": "Mississippi"
  },
  {
    "id": "Missouri",
    "value": "Missouri"
  },
  {
    "id": "Montana",
    "value": "Montana"
  },
  {
    "id": "Nebraska",
    "value": "Nebraska"
  },
  {
    "id": "Nevada",
    "value": "Nevada"
  },
  {
    "id": "New Hampshire",
    "value": "New Hampshire"
  },
  {
    "id": "New Jersey",
    "value": "New Jersey"
  },
  {
    "id": "New Mexico",
    "value": "New Mexico"
  },
  {
    "id": "New York",
    "value": "New York"
  },
  {
    "id": "North Carolina",
    "value": "North Carolina"
  },
  {
    "id": "North Dakota",
    "value": "North Dakota"
  },
  {
    "id": "Ohio",
    "value": "Ohio"
  },
  {
    "id": "Oklahoma",
    "value": "Oklahoma"
  },
  {
    "id": "Oregon",
    "value": "Oregon"
  },
  {
    "id": "Pennsylvania",
    "value": "Pennsylvania"
  },
  {
    "id": "Puerto Rico",
    "value": "Puerto Rico"
  },
  {
    "id": "Rhode Island",
    "value": "Rhode Island"
  },
  {
    "id": "South Carolina",
    "value": "South Carolina"
  },
  {
    "id": "South Dakota",
    "value": "South Dakota"
  },
  {
    "id": "Tennessee",
    "value": "Tennessee"
  },
  {
    "id": "Texas",
    "value": "Texas"
  },
  {
    "id": "Utah",
    "value": "Utah"
  },
  {
    "id": "Vermont",
    "value": "Vermont"
  },
  {
    "id": "Virgin Islands",
    "value": "Virgin Islands"
  },
  {
    "id": "Virginia",
    "value": "Virginia"
  },
  {
    "id": "Washington",
    "value": "Washington"
  },
  {
    "id": "West Virginia",
    "value": "West Virginia"
  },
  {
    "id": "Wisconsin",
    "value": "Wisconsin"
  },
  {
    "id": "Wyoming",
    "value": "Wyoming"
  }
]
