{
  "onBoardings": [
    {
      "accessor": "clientLegalName",
      "dataType": "specialCellLinkType",
      "header": "Client legal name"
    },
    {
      "accessor": "marketerName",
      "dataType": "String",
      "header": "Marketer"
    },
    {
      "accessor": "accountType",
      "dataType": "String",
      "header": "Account Type"
    },
    {
      "accessor": "product",
      "dataType": "String",
      "header": "Product"
    },
    {
      "accessor": "task",
      "dataType": "specialCellLinkType",
      "header": "Task"
    },
    {
      "accessor": "greenLightStatus",
      "dataType": "String",
      "header": "Green light status"
    }
  ]
}