{
  "data": {
    "onBoardings": [
      {
        "accessor": "clientLegalName",
        "dataType": "specialCellLinkType",
        "header": "Client legal name"
      },
      {
        "accessor": "marketerName",
        "dataType": "String",
        "header": "Marketer"
      },
      {
        "accessor": "negotiator",
        "dataType": "String",
        "header": "Negotiator"
      },
      {
        "accessor": "rm",
        "dataType": "String",
        "header": "RM"
      },
      {
        "accessor": "product",
        "dataType": "String",
        "header": "Product"
      },
      {
        "accessor": "greenLightStatus",
        "dataType": "String",
        "header": "Green light status"
      }
    ]
  }
}