{
  "Tasks": [
    {
      "accessor": "taskName",
      "dataType": "String",
      "header": "Task"
    },
    {
      "accessor": "status",
      "dataType": "String",
      "header": "Status"
    },
    {
      "accessor": "assignedTo",
      "dataType": "String",
      "header": "Assigned to"
    },
    {
      "accessor": "lastUpdated",
      "dataType": "String",
      "header": "Last updated"
    },
    {
      "accessor": "updatedBy",
      "dataType": "String",
      "header": "Updated by"
    }
  ]
}
