{
  "Test_groups": [
    "CN=DPGTTMCPortal_Create,OU=APPS,DC=itt3,DC=net",
    "CN=DPGTTMCPortal_Search,OU=APPS,DC=itt3,DC=net",
    "CN=DPGTTMoneyCenterPortal_Users,OU=APPS,OU=SOA,OU=VAPPS,DC=itt3,DC=net"
  ],
  "activeDirectoryGroup": [
    "CN=SMB_DOMAIN_SERVICES_Development_PROD,OU=EALMS_PROD,OU=DelegatedGroups,DC=us,DC=bank-dns,DC=com",
    "CN=SQL_3946_PRD_RWX,OU=PRD,OU=DBGroups,DC=us,DC=bank-dns,DC=com",
    "CN=LemonadeLXP_Digital_Learning_Center_User,OU=APPS,DC=us,DC=bank-dns,DC=com",
    "CN=SharePoint_SiteUsers_FederalPacProgram,OU=APPS,DC=us,DC=bank-dns,DC=com",
    "CN=Basic,OU=WebProxy,OU=VAPPS,DC=us,DC=bank-dns,DC=com",
    "CN=AZ_MIPClass_01,OU=Azure,OU=VAPPS,DC=us,DC=bank-dns,DC=com",
    "CN=Office365_E5_license_automation,OU=Azure,OU=VAPPS,DC=us,DC=bank-dns,DC=com",
    "CN=Enterprise_Mural_User_Access,OU=APPS,DC=us,DC=bank-dns,DC=com",
    "CN=Jenkins_Enterprise_ACL,OU=APPS,DC=us,DC=bank-dns,DC=com",
    "CN=SENSI_USB_GitHub_Upload_Exception,OU=APPS,DC=us,DC=bank-dns,DC=com",
    "CN=SanctionsIntranetSearchAccess,OU=APPS,DC=us,DC=bank-dns,DC=com",
    "CN=7494_Enterprise_Jira_User_Prod,OU=APPS,DC=us,DC=bank-dns,DC=com",
    "CN=Clarity_User,OU=APPS,DC=us,DC=bank-dns,DC=com",
    "CN=GitLab_Users,OU=APPS,DC=us,DC=bank-dns,DC=com",
    "CN=Prod_Upd_Dev,OU=APPS,DC=us,DC=bank-dns,DC=com",
    "CN=bpmwebapps_owner_prod,OU=EALMS_PROD,OU=DelegatedGroups,DC=us,DC=bank-dns,DC=com",
    "CN=bpmwebapps_dev_lead_prod,OU=EALMS_PROD,OU=DelegatedGroups,DC=us,DC=bank-dns,DC=com",
    "CN=BPMWEBAPPS_Development_PROD,OU=EALMS_PROD,OU=DelegatedGroups,DC=us,DC=bank-dns,DC=com",
    "CN=BPMWEBAPPS_Build_Operator_PROD,OU=EALMS_PROD,OU=DelegatedGroups,DC=us,DC=bank-dns,DC=com",
    "CN=SSPR User Group AD,OU=O365,OU=VAPPS,DC=us,DC=bank-dns,DC=com",
    "CN=MFAuth_Token,OU=Access,DC=us,DC=bank-dns,DC=com",
    "CN=ServiceNow_ESS_BRght,OU=ServiceNow,OU=VAPPS,DC=us,DC=bank-dns,DC=com",
    "CN=Atlassian_User,OU=APPS,DC=us,DC=bank-dns,DC=com",
    "CN=Intune_EMS_Email-enabled,OU=Azure,OU=VAPPS,DC=us,DC=bank-dns,DC=com",
    "CN=IVE_SSL_VPN,OU=APPS,DC=us,DC=bank-dns,DC=com",
    "CN=Learning and Development SharePoint Master Access,OU=Access,DC=us,DC=bank-dns,DC=com",
    "CN=Internet_Basic,OU=Bluecoat,OU=VAPPS,DC=us,DC=bank-dns,DC=com"
  ],
  "email": "test.user@usbank.com",
  "family_name": "User",
  "given_name": "Test",
  "iss": "https://it-federation.usbank.com/as",
  "manager": "CN=txboss,OU=Users,OU=MNA79G,OU=NC,DC=us,DC=bank-dns,DC=com",
  "office_location": "EP-MN-M2F3",
  "preferred_username": "txuser",
  "sub": "txuser"
}
