[
  {
    "completed": false,
    "isDisabled": false,
    "isVisible": true,
    "name": "Select product",
    "selectedTab": true,
    "status": "not_Started",
    "value": "selectproduct"
  },
  {
    "completed": false,
    "isDisabled": true,
    "isVisible": true,
    "name": "Client entity",
    "selectedTab": false,
    "status": "not_Started",
    "value": "cliententity"
  },
  {
    "completed": false,
    "isDisabled": true,
    "isVisible": true,
    "name": "Derivatives questionnaire",
    "selectedTab": false,
    "status": "not_Started",
    "value": "derivativesquestionnaire"
  },
  {
    "completed": false,
    "isDisabled": true,
    "isVisible": false,
    "name": "Document request form",
    "selectedTab": false,
    "status": "not_Started",
    "value": "drf"
  },
  {
    "completed": false,
    "isDisabled": true,
    "isVisible": true,
    "name": "Review & submit",
    "selectedTab": false,
    "status": "not_Started",
    "value": "reviewandsubmit"
  },
  {
    "completed": false,
    "isDisabled": true,
    "isVisible": false,
    "name": "Review & approve",
    "selectedTab": false,
    "status": "not_Started",
    "value": "reviewandapprove"
  }
]