{
  "data": {
    "defaultContactList": [],
    "name": "Client entity",
    "prepopulatedDataPoints": {
      "clientDetails-legalName": "",
      "productDetails-productType": {
        "value": [
          "CAP"
        ]
      }
    },
    "saveAsDraftButtonText": "Save & exit",
    "sectionList": [
      {
        "finalButtonGroupDependent": true,
        "rowLists": [
          {
            "fieldLists": [
              {
                "colSpan": 4,
                "errorLinkText": "",
                "errorMessage": "Please choose an option for \"Is this a new client?\"",
                "isRequired": true,
                "isVisible": true,
                "name": "clientDetails-additionalDetails-newClient",
                "prevValue": "",
                "radioGroupOptions": [
                  {
                    "label": "Yes",
                    "value": "Yes"
                  },
                  {
                    "label": "No",
                    "value": "No"
                  }
                ],
                "title": "Is this a new client?",
                "type": "radioGroup",
                "value": "",
                "valueKey": "@dp.clientDetails-additionalDetails-newClient"
              }
            ]
          }
        ],
        "sectionName": "top"
      },
      {
        "rowLists": [
          {
            "fieldLists": [
              {
                "colSpan": 3,
                "errorLinkText": "",
                "errorMessage": "\"Client legal name\" is required.",
                "isRequired": true,
                "isVisible": true,
                "name": "clientDetails-legalName",
                "prevValue": "",
                "title": "Client legal name",
                "type": "text",
                "value": "",
                "valueKey": "@dp.clientDetails-legalName"
              }
            ]
          },
          {
            "fieldLists": [
              {
                "customErrorMessage": "Enter digits 15 or less for Federal tax ID number (TIN).",
                "errorLinkText": "",
                "errorMessage": "\"Federal tax ID number (TIN)\" field is mandatory.",
                "isRequired": true,
                "isVisible": true,
                "name": "clientDetails-EIN",
                "placeholder": "55-5555555",
                "prevValue": "",
                "regexExpression": "^[0-9 -]{1,15}$",
                "title": "Federal tax ID number (TIN)",
                "type": "text",
                "valType": "regex",
                "value": "",
                "valueKey": "@dp.clientDetails-EIN"
              },
              {
                "customErrorMessage": "Enter 20 characters or less for LEI/CICI.",
                "errorLinkText": "",
                "errorMessage": "\"LEI/CICI\" field is mandatory",
                "isRequired": true,
                "isVisible": true,
                "name": "clientDetails-LEI",
                "prevValue": "",
                "regexExpression": "^[a-zA-Z0-9_]{1,20}$",
                "title": "LEI/CICI",
                "type": "text",
                "valType": "regex",
                "value": "",
                "valueKey": "@dp.clientDetails-LEI"
              },
              {
                "errorLinkText": "",
                "errorMessage": "\"CUSTCODE\" is required.",
                "isRequired": false,
                "isVisible": true,
                "name": "clientDetails-additionalDetails-customerCode",
                "prevValue": "",
                "title": "CUSTCODE",
                "type": "text",
                "value": "",
                "valueKey": "@dp.clientDetails-additionalDetails-customerCode"
              }
            ]
          },
          {
            "fieldLists": [
              {
                "errorLinkText": "",
                "errorMessage": "\"PDR\" is required.",
                "isRequired": true,
                "isVisible": false,
                "name": "clientDetails-additionalDetails-PDR",
                "optionPlaceholderText": "Please select",
                "prevValue": "",
                "productTypeVisibilityCheck": [
                  "Swaps",
                  "DFI",
                  "Commodities"
                ],
                "title": "PDR",
                "type": "select",
                "validValues": [
                  {
                    "content": "1",
                    "value": "1"
                  },
                  {
                    "content": "2",
                    "value": "2"
                  },
                  {
                    "content": "3",
                    "value": "3"
                  },
                  {
                    "content": "4",
                    "value": "4"
                  },
                  {
                    "content": "5",
                    "value": "5"
                  },
                  {
                    "content": "5.5",
                    "value": "5.5"
                  },
                  {
                    "content": "6",
                    "value": "6"
                  },
                  {
                    "content": "7",
                    "value": "7"
                  },
                  {
                    "content": "8",
                    "value": "8"
                  }
                ],
                "value": "",
                "valueKey": "@dp.clientDetails-additionalDetails-PDR"
              },
              {
                "errorLinkText": "",
                "errorMessage": "Please select an option for \"Role\".",
                "isRequired": true,
                "isVisible": true,
                "name": "clientDetails-additionalDetails-role",
                "optionPlaceholderText": "Please select",
                "prevValue": "",
                "title": "Role",
                "type": "select",
                "validValues": [
                  {
                    "content": "Major Swap Participant",
                    "value": "Major Swap Participant"
                  },
                  {
                    "content": "Swap Dealer",
                    "value": "Swap Dealer"
                  },
                  {
                    "content": "Neither",
                    "value": "Neither"
                  }
                ],
                "value": "",
                "valueKey": "@dp.clientDetails-additionalDetails-role"
              },
              {
                "errorLinkText": "",
                "isVisible": false,
                "name": "clientDetails-additionalDetails-fDICCertificate",
                "prevValue": "",
                "productTypeVisibilityCheck": [
                  "DFI"
                ],
                "title": "FDIC certificate",
                "type": "text",
                "value": "",
                "valueKey": "@dp.clientDetails-additionalDetails-fDICCertificate"
              }
            ]
          }
        ],
        "sectionName": "legalIdentity",
        "sectionTitle": "Legal identity"
      },
      {
        "rowLists": [
          {
            "fieldLists": [
              {
                "colSpan": 2,
                "errorLinkText": "",
                "errorMessage": "\"Primary contact\" is required.",
                "isRequired": true,
                "isVisible": true,
                "name": "clientDetails-contactDetails-primaryContact",
                "prevValue": "",
                "title": "Primary contact",
                "type": "text",
                "value": "",
                "valueKey": "@dp.clientDetails-contactDetails-primaryContact"
              }
            ]
          },
          {
            "fieldLists": [
              {
                "colSpan": 3,
                "errorLinkText": "",
                "errorMessage": "\"Client title\" is required.",
                "isRequired": true,
                "isVisible": true,
                "name": "clientDetails-additionalDetails-clientTitle",
                "prevValue": "",
                "title": "Client title",
                "type": "text",
                "value": "",
                "valueKey": "@dp.clientDetails-additionalDetails-clientTitle"
              }
            ]
          },
          {
            "fieldLists": [
              {
                "errorLinkText": "",
                "errorMessage": "\"Phone number\" is required.",
                "isRequired": true,
                "isVisible": true,
                "name": "clientDetails-contactDetails-businessPhoneNumber",
                "prevValue": "",
                "title": "Phone number",
                "type": "text",
                "value": "",
                "valueKey": "@dp.clientDetails-contactDetails-businessPhoneNumber"
              },
              {
                "colSpan": 2,
                "errorLinkText": "",
                "errorMessage": "\"Email\" is required.",
                "isRequired": true,
                "isVisible": true,
                "name": "clientDetails-contactDetails-email",
                "prevValue": "",
                "title": "Email",
                "type": "email",
                "value": "",
                "valueKey": "@dp.clientDetails-contactDetails-email"
              }
            ]
          }
        ],
        "sectionName": "primaryContact",
        "sectionTitle": "Primary contact"
      },
      {
        "rowLists": [
          {
            "fieldLists": [
              {
                "bindingKey": "countries",
                "colSpan": 2,
                "countryRule": {
                  "state": "clientDetails-address-state",
                  "value": "United States",
                  "zip": "clientDetails-address-zipCode"
                },
                "errorLinkText": "",
                "errorMessage": "Please select an option for \"Country\"",
                "isRequired": true,
                "isVisible": true,
                "name": "clientDetails-address-country",
                "optionPlaceholderText": "Select a country",
                "prevValue": "",
                "title": "Country",
                "type": "select",
                "validValues": [
                  {
                    "content": "United States",
                    "value": "United States"
                  }
                ],
                "value": "",
                "valueKey": "@dp.clientDetails-address-country"
              },
              {
                "colSpan": 2,
                "errorLinkText": "",
                "errorMessage": "\"Street address\" is required.",
                "isRequired": true,
                "isVisible": true,
                "name": "clientDetails-address-addressLine1",
                "prevValue": "",
                "title": "Street address",
                "type": "text",
                "value": "",
                "valueKey": "@dp.clientDetails-address-addressLine1"
              }
            ]
          },
          {
            "fieldLists": [
              {
                "colSpan": 2,
                "errorLinkText": "",
                "errorMessage": "\"City\" is required.",
                "isRequired": true,
                "isVisible": true,
                "name": "clientDetails-address-city",
                "prevValue": "",
                "title": "City",
                "type": "text",
                "value": "",
                "valueKey": "@dp.clientDetails-address-city"
              },
              {
                "bindingKey": "states",
                "errorLinkText": "",
                "errorMessage": "\"State\" is required.",
                "isRequired": true,
                "isVisible": true,
                "name": "clientDetails-address-state",
                "optionPlaceholderText": "Select a state",
                "prevValue": "",
                "title": "State",
                "type": "text",
                "validValues": [],
                "value": "",
                "valueKey": "@dp.clientDetails-address-state"
              },
              {
                "errorLinkText": "",
                "errorMessage": "\"ZIP code\" is required.",
                "isRequired": true,
                "isVisible": true,
                "name": "clientDetails-address-zipCode",
                "prevValue": "",
                "title": "ZIP code",
                "type": "text",
                "value": "",
                "valueKey": "@dp.clientDetails-address-zipCode"
              }
            ]
          }
        ],
        "sectionName": "address",
        "sectionTitle": "Address"
      },
      {
        "rowLists": [
          {
            "fieldLists": [
              {
                "colSpan": 2,
                "isVisible": false,
                "name": "clientDetails-additionalDetails-advisorContact",
                "prevValue": "",
                "productTypeVisibilityCheck": [
                  "CAP",
                  "DFI",
                  "Commodities"
                ],
                "title": "Advisor contact",
                "type": "text",
                "value": "",
                "valueKey": "@dp.clientDetails-additionalDetails-advisorContact"
              }
            ]
          },
          {
            "fieldLists": [
              {
                "isVisible": false,
                "name": "clientDetails-additionalDetails-advisorPhone",
                "prevValue": "",
                "productTypeVisibilityCheck": [
                  "CAP",
                  "DFI",
                  "Commodities"
                ],
                "title": "Phone number",
                "type": "text",
                "value": "",
                "valueKey": "@dp.clientDetails-additionalDetails-advisorPhone"
              },
              {
                "isVisible": false,
                "name": "clientDetails-additionalDetails-advisorEmail",
                "prevValue": "",
                "productTypeVisibilityCheck": [
                  "CAP",
                  "DFI",
                  "Commodities"
                ],
                "title": "Email",
                "type": "email",
                "value": "",
                "valueKey": "@dp.clientDetails-additionalDetails-advisorEmail"
              }
            ]
          }
        ],
        "sectionName": "advisorContact",
        "sectionTitle": "Advisor contact"
      },
      {
        "rowLists": [
          {
            "fieldLists": [
              {
                "bindingKey": "marketerList",
                "colSpan": 2,
                "errorLinkText": "",
                "errorMessage": "Please choose an option for \"Marketer\"",
                "isRequired": true,
                "isVisible": true,
                "name": "onboardingTeam-role1",
                "noMatchFound": "Please select valid Marketer",
                "title": "Marketer",
                "type": "combobox",
                "validValues": [],
                "value": "",
                "valueKey": "@dp.onboardingTeam-role1"
              }
            ]
          },
          {
            "fieldLists": [
              {
                "colSpan": 2,
                "errorLinkText": "",
                "errorMessage": "\"Relationship Manager (RM) Name\" is required.",
                "isRequired": true,
                "isVisible": true,
                "name": "onboardingTeam-relationshipManager",
                "prevValue": "",
                "title": "Relationship Manager (RM) Name",
                "type": "text",
                "value": "",
                "valueKey": "@dp.onboardingTeam-relationshipManager"
              },
              {
                "colSpan": 2,
                "customErrorMessage": "Enter 8 characters or less for RM Intranet ID.",
                "errorLinkText": "",
                "errorMessage": "\"RM Intranet ID\" field is mandatory.",
                "isRequired": true,
                "isVisible": true,
                "name": "clientDetails-additionalDetails-rmID",
                "prevValue": "",
                "regexExpression": "^[a-zA-Z0-9_]{1,8}$",
                "title": "RM Intranet ID",
                "type": "text",
                "valType": "regex",
                "value": "",
                "valueKey": "@dp.clientDetails-additionalDetails-rmID"
              }
            ]
          },
          {
            "fieldLists": [
              {
                "colSpan": 2,
                "errorLinkText": "",
                "errorMessage": "\"RM cost center\" is required.",
                "isRequired": true,
                "isVisible": true,
                "name": "clientDetails-additionalDetails-rmCostCenter",
                "prevValue": "",
                "title": "RM cost center",
                "type": "text",
                "value": "",
                "valueKey": "@dp.clientDetails-additionalDetails-rmCostCenter"
              }
            ]
          }
        ],
        "sectionName": "usBankContacts",
        "sectionTitle": "U.S. Bank contacts"
      }
    ],
    "showCancel": false,
    "showSaveAsDraft": true,
    "showSubmit": true,
    "sidebarContent": {
      "headerContent": "Please fill out the information below for the client you will be onboarding.",
      "headerName": "Client entity"
    },
    "submitButtonText": "Save & continue"
  }
}