{
  "data": {
    "defaultContactList": [],
    "name": "Derivatives questionnaire",
    "prepopulatedDataPoints": {
      "clientDetails-legalName": "",
      "productDetails-productType": ""
    },
    "saveAsDraftButtonText": "Save & exit",
    "sectionList": [
      {
        "finalButtonGroupDependent": true,
        "hideSection": false,
        "isReadOnly": false,
        "rowLists": [
          {
            "fieldLists": [
              {
                "colSpan": 4,
                "errorCode": 0,
                "errorLinkText": "",
                "errorMessage": "Please choose an option for \"Is this a Muni Deal?\"",
                "isRequired": true,
                "isVisible": true,
                "name": "clientDetails-additionalDetails-isMuniDeal",
                "prevValue": "",
                "radioGroupOptions": [
                  {
                    "label": "Yes",
                    "value": "Yes"
                  },
                  {
                    "label": "No",
                    "value": "No"
                  }
                ],
                "title": "Is this a Muni Deal?",
                "type": "radioGroup",
                "value": "",
                "valueKey": "@dp.clientDetails-additionalDetails-isMuniDeal"
              }
            ]
          },
          {
            "fieldLists": [
              {
                "colSpan": 4,
                "errorCode": 0,
                "errorLinkText": "",
                "errorMessage": "Please choose an option for \"Is counterparty a financial end user?\"",
                "isRequired": true,
                "isVisible": true,
                "name": "clientDetails-additionalDetails-isFinancialEndUser",
                "optionPlaceholderText": "Please select",
                "prevValue": "",
                "title": "Is counterparty a financial end user?",
                "type": "select",
                "validValues": [
                  {
                    "content": "No",
                    "value": "No"
                  },
                  {
                    "content": "Yes-CSA",
                    "value": "Yes-CSA"
                  },
                  {
                    "content": "Yes-SendSDL",
                    "value": "Yes-SendSDL"
                  },
                  {
                    "content": "Trades Always Clear",
                    "value": "Trades Always Clear"
                  }
                ],
                "value": "",
                "valueKey": "@dp.clientDetails-additionalDetails-isFinancialEndUser"
              }
            ]
          },
          {
            "fieldLists": [
              {
                "colSpan": 4,
                "errorCode": 0,
                "errorLinkText": "",
                "errorMessage": "Please choose an option for \"Is entity an affiliate of USBNA for 23.A Purposes?\"",
                "isRequired": true,
                "isVisible": true,
                "name": "clientDetails-additionalDetails-isAffiliateOfUSBNA",
                "optionPlaceholderText": "Please select",
                "prevValue": "",
                "title": "Is entity an affiliate of USBNA for 23.A Purposes?",
                "type": "select",
                "validValues": [
                  {
                    "content": "No",
                    "value": "No"
                  },
                  {
                    "content": "Yes; CIC, Approved",
                    "value": "Yes; CIC, Approved"
                  },
                  {
                    "content": "Yes; FSD, Approved",
                    "value": "Yes; FSD, Approved"
                  }
                ],
                "value": "",
                "valueKey": "@dp.clientDetails-additionalDetails-isAffiliateOfUSBNA"
              }
            ]
          },
          {
            "fieldLists": [
              {
                "colSpan": 4,
                "errorCode": 0,
                "errorLinkText": "",
                "errorMessage": "Please choose an option for \"Is ECP status for CP & each guarantor verified?\"",
                "isRequired": true,
                "isVisible": true,
                "name": "clientDetails-additionalDetails-isCPGuarantorVerified",
                "prevValue": "",
                "radioGroupOptions": [
                  {
                    "label": "Yes",
                    "value": "Yes"
                  },
                  {
                    "label": "No",
                    "value": "No"
                  }
                ],
                "title": "Is ECP status for CP & each guarantor verified?",
                "type": "radioGroup",
                "value": "",
                "valueKey": "@dp.clientDetails-additionalDetails-isCPGuarantorVerified"
              }
            ]
          },
          {
            "fieldLists": [
              {
                "colSpan": 4,
                "errorCode": 0,
                "errorLinkText": "",
                "errorMessage": "Please choose an option for \"Is entity publicly traded (equity) and rated investment grade (BBB- or higher)?\"",
                "isRequired": true,
                "isVisible": true,
                "name": "clientDetails-additionalDetails-isPubliclyTraded",
                "prevValue": "",
                "radioGroupOptions": [
                  {
                    "label": "Yes",
                    "value": "Yes"
                  },
                  {
                    "label": "No",
                    "value": "No"
                  }
                ],
                "title": "Is entity publicly traded (equity) and rated investment grade (BBB- or higher)?",
                "type": "radioGroup",
                "value": "",
                "valueKey": "@dp.clientDetails-additionalDetails-isPubliclyTraded"
              }
            ]
          },
          {
            "fieldLists": [
              {
                "colSpan": 4,
                "errorCode": 0,
                "errorLinkText": "",
                "errorMessage": "\"Designated evaluation agent\" is required.",
                "isRequired": false,
                "isVisible": false,
                "name": "clientDetails-additionalDetails-designatedEvaluationAgent",
                "prevValue": "",
                "productTypeVisibilityCheck": [
                  "CAP",
                  "DFI",
                  "Commodities"
                ],
                "title": "Designated evaluation agent",
                "type": "text",
                "value": "",
                "valueKey": "@dp.clientDetails-additionalDetails-designatedEvaluationAgent"
              }
            ]
          },
          {
            "fieldLists": [
              {
                "colSpan": 4,
                "errorCode": 0,
                "errorLinkText": "",
                "errorMessage": "Please choose an option for \"Is 1099 required?\"",
                "isRequired": true,
                "isVisible": true,
                "name": "clientDetails-additionalDetails-is1099Required",
                "optionPlaceholderText": "Please select",
                "prevValue": "",
                "title": "Is 1099 required?",
                "type": "select",
                "validValues": [
                  {
                    "content": "Yes, W-9 Tax Form",
                    "value": "Yes, W-9 Tax Form"
                  },
                  {
                    "content": "Yes, W-8 BEN-E Tax Form",
                    "value": "Yes, W-8 BEN-E Tax Form"
                  },
                  {
                    "content": "N/A",
                    "value": "N/A"
                  }
                ],
                "value": "",
                "valueKey": "@dp.clientDetails-additionalDetails-is1099Required"
              }
            ]
          },
          {
            "fieldLists": [
              {
                "colSpan": 4,
                "errorCode": 0,
                "errorLinkText": "",
                "errorMessage": "Please choose an option for \"Disclosure type\".",
                "isRequired": true,
                "isVisible": true,
                "name": "clientDetails-additionalDetails-disclosureType",
                "optionPlaceholderText": "Please select",
                "prevValue": "",
                "title": "Disclosure type",
                "type": "select",
                "validValues": [
                  {
                    "content": "Commercial Customer",
                    "value": "Commercial Customer"
                  },
                  {
                    "content": "Federal Government",
                    "value": "Federal Government"
                  },
                  {
                    "content": "Financial Entity (Category 2)",
                    "value": "Financial Entity (Category 2)"
                  },
                  {
                    "content": "Government Agency",
                    "value": "Government Agency"
                  },
                  {
                    "content": "Individual",
                    "value": "Individual"
                  },
                  {
                    "content": "Local Government",
                    "value": "Local Government"
                  }
                ],
                "value": "",
                "valueKey": "@dp.clientDetails-additionalDetails-disclosureType"
              }
            ]
          },
          {
            "fieldLists": [
              {
                "colSpan": 4,
                "dependentFieldBasedOnValue": {
                  "Yes": {
                    "fields": [
                      "clientDetails-additionalDetails-cSAType"
                    ]
                  }
                },
                "errorCode": 0,
                "errorLinkText": "",
                "errorMessage": "Please choose an option for \"Is this a CSA?\"",
                "isRequired": true,
                "isVisible": true,
                "name": "clientDetails-additionalDetails-isCSA",
                "prevValue": "",
                "radioGroupOptions": [
                  {
                    "label": "Yes",
                    "value": "Yes"
                  },
                  {
                    "label": "No",
                    "value": "No"
                  }
                ],
                "title": "Is this a CSA?",
                "type": "radioGroup",
                "value": "",
                "valueKey": "@dp.clientDetails-additionalDetails-isCSA"
              }
            ]
          },
          {
            "fieldLists": [
              {
                "colSpan": 4,
                "errorCode": 0,
                "errorLinkText": "",
                "errorMessage": "Please choose an option for \"CSA type\".",
                "isRequired": true,
                "isVisible": true,
                "name": "clientDetails-additionalDetails-cSAType",
                "optionPlaceholderText": "Please select",
                "prevValue": "",
                "title": "CSA type",
                "type": "select",
                "validValues": [
                  {
                    "content": "Yes, Fully",
                    "value": "Yes, Fully"
                  },
                  {
                    "content": "Yes, Partially",
                    "value": "Yes, Partially"
                  },
                  {
                    "content": "Yes, One-Way",
                    "value": "Yes, One-Way"
                  },
                  {
                    "content": "Yes, Uncollateralized",
                    "value": "Yes, Uncollateralized"
                  },
                  {
                    "content": "N/A",
                    "value": "N/A"
                  }
                ],
                "value": "",
                "valueKey": "@dp.clientDetails-additionalDetails-cSAType"
              }
            ]
          },
          {
            "fieldLists": [
              {
                "colSpan": 4,
                "errorCode": 0,
                "errorLinkText": "",
                "errorMessage": "Please choose an option for \"Has USB Documentations Group determined that this client is CVA Secured?\"",
                "isRequired": true,
                "isVisible": true,
                "name": "clientDetails-additionalDetails-isCVASecured",
                "optionPlaceholderText": "Please select",
                "prevValue": "",
                "title": "Has USB Documentations Group determined that this client is CVA Secured?",
                "type": "select",
                "validValues": [
                  {
                    "content": "Yes",
                    "value": "Yes"
                  },
                  {
                    "content": "No",
                    "value": "No"
                  },
                  {
                    "content": "Not Required",
                    "value": "Not Required"
                  }
                ],
                "value": "",
                "valueKey": "@dp.clientDetails-additionalDetails-isCVASecured"
              }
            ]
          },
          {
            "fieldLists": [
              {
                "colSpan": 4,
                "isVisible": true,
                "name": "clientDetails-additionalDetails-hasClientChosenCollateralSegregation",
                "optionPlaceholderText": "Please select",
                "prevValue": "",
                "title": "Does client choose to segregate collateral? (Collateral IM notification)",
                "type": "select",
                "validValues": [
                  {
                    "content": "Yes",
                    "value": "Yes"
                  },
                  {
                    "content": "No",
                    "value": "No"
                  },
                  {
                    "content": "N/A",
                    "value": "N/A"
                  }
                ],
                "value": "",
                "valueKey": "@dp.clientDetails-additionalDetails-hasClientChosenCollateralSegregation"
              }
            ]
          },
          {
            "fieldLists": [
              {
                "colSpan": 4,
                "errorCode": 0,
                "errorLinkText": "",
                "errorMessage": "Please choose an option for \"Is this a securitization?\"",
                "isRequired": true,
                "isVisible": true,
                "name": "clientDetails-additionalDetails-isSecuritization",
                "optionPlaceholderText": "Please select",
                "prevValue": "",
                "title": "Is this a securitization?",
                "type": "select",
                "validValues": [
                  {
                    "content": "Yes",
                    "value": "Yes"
                  },
                  {
                    "content": "No",
                    "value": "No"
                  },
                  {
                    "content": "N/A",
                    "value": "N/A"
                  }
                ],
                "value": "",
                "valueKey": "@dp.clientDetails-additionalDetails-isSecuritization"
              }
            ]
          },
          {
            "fieldLists": [
              {
                "colSpan": 4,
                "errorCode": 0,
                "errorLinkText": "",
                "errorMessage": "Please choose an option for \"Beneficial ownership status\".",
                "isRequired": false,
                "isVisible": true,
                "name": "clientDetails-additionalDetails-beneficialOwnershipStatus",
                "optionPlaceholderText": "Please select",
                "prevValue": "",
                "productTypeRequiredCheck": [
                  "Swaps",
                  "DFI",
                  "Commodities"
                ],
                "title": "Beneficial ownership status",
                "type": "select",
                "validValues": [
                  {
                    "content": "Exempt",
                    "value": "Exempt"
                  },
                  {
                    "content": "Required",
                    "value": "Required"
                  },
                  {
                    "content": "Exempt Pre-May 11, 2018",
                    "value": "Exempt Pre-May 11, 2018"
                  }
                ],
                "value": "",
                "valueKey": "@dp.clientDetails-additionalDetails-beneficialOwnershipStatus"
              }
            ]
          },
          {
            "fieldLists": [
              {
                "colSpan": 4,
                "errorCode": 0,
                "errorLinkText": "",
                "errorMessage": "Please choose an option for \"Non-Speculation Rep? (Commodities)\".",
                "isRequired": true,
                "isVisible": true,
                "name": "clientDetails-additionalDetails-isNonSpeculationRep",
                "prevValue": "",
                "productTypeVisibilityCheck": [
                  "Commodities"
                ],
                "radioGroupOptions": [
                  {
                    "label": "Yes",
                    "value": "Yes"
                  },
                  {
                    "label": "No",
                    "value": "No"
                  }
                ],
                "title": "Non-Speculation Rep? (Commodities)",
                "type": "radioGroup",
                "value": "",
                "valueKey": "@dp.clientDetails-additionalDetails-isNonSpeculationRep"
              }
            ]
          },
          {
            "fieldLists": [
              {
                "colSpan": 4,
                "isVisible": true,
                "name": "clientDetails-additionalDetails-IfSpecialEntity",
                "optionPlaceholderText": "Please select",
                "prevValue": "",
                "title": "Choose an option if, special entity",
                "type": "select",
                "validValues": [
                  {
                    "content": "ISDA Aug 2012 Protocol Sched-4 for Special Entities (QIR obtained from Client; Compliance Approval Rec'd)",
                    "value": "ISDA Aug 2012 Protocol Sched-4 for Special Entities (QIR obtained from Client; Compliance Approval Rec'd)"
                  },
                  {
                    "content": "USB Special Entity Annex",
                    "value": "USB Special Entity Annex"
                  }
                ],
                "value": "",
                "valueKey": "@dp.clientDetails-additionalDetails-IfSpecialEntity"
              }
            ]
          }
        ]
      }
    ],
    "sectionName": "derivativesQuestionSection",
    "showSaveAsDraft": true,
    "showSubmit": true,
    "sidebarContent": {
      "headerContent": "Please reach out to the DPG / FX representative with any questions.",
      "headerName": "Derivatives questionnaire"
    },
    "submitButtonText": "Save & continue"
  }
}