{
  "data": {
    "name": "DRF",
    "prepopulatedDataPoints": {
      "clientDetails-legalName": ""
    },
    "saveAsDraftButtonText": "Save & exit",
    "sectionList": [
      {
        "finalButtonGroupDependent": true,
        "hideSection": false,
        "isReadOnly": false,
        "rowLists": [
          {
            "fieldLists": [
              {
                "colSpan": 4,
                "dependentFieldBasedOnValue": {
                  "Yes": {
                    "fields": [
                      "clientDetails-additionalDetails-documentTypeRequested",
                      "clientDetails-additionalDetails-draftOrExecutionCopies",
                      "clientDetails-additionalDetails-lineOfBusiness",
                      "clientDetails-additionalDetails-willTradingWithMultipleAffiliatesOrSubsidiariesCovered",
                      "clientDetails-additionalDetails-areCounterpartiesOutsideUS",
                      "clientDetails-additionalDetails-howWillCounterpartyBeOnboardedForDoddFrankRegs",
                      "clientDetails-additionalDetails-isCounterpartyFinancialEntityOrSpecialEntity",
                      "onboardingTeam-role2",
                      "marketer",
                      "onboardingTeam-role3",
                      "clientDetails-additionalDetails-willAnyDocumentsBeAttached",
                      "clientDetails-additionalDetails-crossProductMarketingOpportunities",
                      "clientDetails-additionalDetails-isUSBankLenderToCounterpartyOrParentOrSubsidiary"
                    ]
                  }
                },
                "errorMessage": "Please choose an option for \"Do you need to fill the DRF Form?\"",
                "isRequired": true,
                "isVisible": true,
                "name": "clientDetails-additionalDetails-isDRFRequiredToBeFilled",
                "radioGroupOptions": [
                  {
                    "label": "Yes",
                    "value": "Yes"
                  },
                  {
                    "label": "No",
                    "value": "No"
                  }
                ],
                "title": "Do you need to fill the DRF Form?",
                "type": "radioGroup",
                "valueKey": "@dp.clientDetails-additionalDetails-isDRFRequiredToBeFilled"
              }
            ]
          },
          {
            "fieldLists": [
              {
                "colSpan": 4,
                "dependentFieldBasedOnValue": {
                  "ISDA and Schedule with Guaranty,Guaranty only": {
                    "fields": [
                      "onboardingTeam-role4"
                    ]
                  }
                },
                "errorMessage": "Please choose an option for \"What type of document do you want to request?\"",
                "isRequired": true,
                "isVisible": true,
                "name": "clientDetails-additionalDetails-documentTypeRequested",
                "optionPlaceholderText": "Please select",
                "title": "What type of document do you want to request?",
                "type": "select",
                "validValues": [
                  {
                    "content": "ISDA and Schedule",
                    "value": "ISDAAndSchedule"
                  },
                  {
                    "content": "ISDA and Schedule with Guaranty",
                    "value": "ISDA and Schedule with Guaranty"
                  },
                  {
                    "content": "ISDA and CSA",
                    "value": "ISDA and CSA"
                  },
                  {
                    "content": "CSA only",
                    "value": "CSA only"
                  },
                  {
                    "content": "Amendment",
                    "value": "Amendment"
                  },
                  {
                    "content": "Guaranty only",
                    "value": "Guaranty only"
                  }
                ],
                "valueKey": "@dp.clientDetails-additionalDetails-documentTypeRequested"
              }
            ]
          },
          {
            "fieldLists": [
              {
                "colSpan": 4,
                "errorMessage": "Please choose an option for \"Draft or execution copies?\"",
                "isRequired": true,
                "isVisible": true,
                "name": "clientDetails-additionalDetails-draftOrExecutionCopies",
                "optionPlaceholderText": "Please select",
                "title": "Draft or execution copies?",
                "type": "select",
                "validValues": [
                  {
                    "content": "Draft (expecting comments)",
                    "value": "Draft (expecting comments)"
                  },
                  {
                    "content": "Execution (expecting no comments)",
                    "value": "Execution (expecting no comments)"
                  }
                ],
                "valueKey": "@dp.clientDetails-additionalDetails-draftOrExecutionCopies"
              }
            ]
          },
          {
            "fieldLists": [
              {
                "colSpan": 4,
                "errorMessage": "Please choose an option for \"Line of Business\"",
                "isRequired": true,
                "isVisible": true,
                "name": "clientDetails-additionalDetails-lineOfBusiness",
                "optionPlaceholderText": "Please select",
                "title": "Line of Business",
                "type": "select",
                "validValues": [
                  {
                    "content": "Commercial Banking",
                    "value": "Commercial Banking"
                  },
                  {
                    "content": "Commercial Real Estate",
                    "value": "Commercial Real Estate"
                  },
                  {
                    "content": "Community Banking",
                    "value": "Community Banking"
                  },
                  {
                    "content": "Corporate Banking",
                    "value": "Corporate Banking"
                  },
                  {
                    "content": "Depository Financial Institutions",
                    "value": "Depository Financial Institutions"
                  },
                  {
                    "content": "Municipal Banking",
                    "value": "Municipal Banking"
                  },
                  {
                    "content": "Specialized Finance",
                    "value": "Specialized Finance"
                  },
                  {
                    "content": "Wealth Management & Investment Services",
                    "value": "Wealth Management & Investment Services"
                  }
                ],
                "valueKey": "@dp.clientDetails-additionalDetails-lineOfBusiness"
              }
            ],
            "sectionName": "additionalCounterpartyInformation",
            "sectionTitle": "Additional counter party information"
          },
          {
            "fieldLists": [
              {
                "colSpan": 4,
                "errorMessage": "Please choose an option for \"Will the document cover trading with multiple affiliates or subsidiaries?\"",
                "isRequired": true,
                "isVisible": true,
                "name": "clientDetails-additionalDetails-willTradingWithMultipleAffiliatesOrSubsidiariesCovered",
                "optionPlaceholderText": "Please select",
                "title": "Will the document cover trading with multiple affiliates or subsidiaries?",
                "type": "select",
                "validValues": [
                  {
                    "content": "Single Entity",
                    "value": "Single Entity"
                  },
                  {
                    "content": "Joint and Several",
                    "value": "Joint and Several"
                  },
                  {
                    "content": "Umbrella",
                    "value": "Umbrella"
                  },
                  {
                    "content": "Single Entity Bank Multibranch",
                    "value": "Single Entity Bank Multibranch"
                  }
                ],
                "valueKey": "@dp.clientDetails-additionalDetails-willTradingWithMultipleAffiliatesOrSubsidiariesCovered"
              }
            ]
          },
          {
            "fieldLists": [
              {
                "colSpan": 4,
                "isVisible": true,
                "name": "clientDetails-additionalDetails-areCounterpartiesOutsideUS",
                "title": "Are any counterparties organized outside the US?",
                "type": "text",
                "valueKey": "@dp.clientDetails-additionalDetails-areCounterpartiesOutsideUS"
              }
            ]
          },
          {
            "fieldLists": [
              {
                "colSpan": 4,
                "errorMessage": "Please choose an option for \"How will Counterparty be onboarded for Dodd Frank regs?\"",
                "isRequired": true,
                "isVisible": true,
                "name": "clientDetails-additionalDetails-howWillCounterpartyBeOnboardedForDoddFrankRegs",
                "optionPlaceholderText": "Please select",
                "title": "How will Counterparty be onboarded for Dodd Frank regs?",
                "type": "select",
                "validValues": [
                  {
                    "content": "ISDA DF Protocol",
                    "value": "ISDA DF Protocol"
                  },
                  {
                    "content": "USBank In House Form",
                    "value": "USBank In House Form"
                  },
                  {
                    "content": "Chatham BCA",
                    "value": "Chatham BCA"
                  },
                  {
                    "content": "IECA",
                    "value": "IECA"
                  },
                  {
                    "content": "Other",
                    "value": "Other"
                  }
                ],
                "valueKey": "@dp.clientDetails-additionalDetails-howWillCounterpartyBeOnboardedForDoddFrankRegs"
              }
            ]
          },
          {
            "fieldLists": [
              {
                "colSpan": 4,
                "errorMessage": "Please choose an option for \"Is counterparty a financial entity or special entity for DF purposes?\".",
                "isRequired": true,
                "isVisible": true,
                "name": "clientDetails-additionalDetails-isCounterpartyFinancialEntityOrSpecialEntity",
                "optionPlaceholderText": "Choose the most appropriate response",
                "title": "Is counterparty a financial entity or special entity for DF purposes?",
                "type": "select",
                "validValues": [
                  {
                    "content": "No",
                    "value": "No"
                  },
                  {
                    "content": "Financial Entity - VM CSA needed",
                    "value": "Financial Entity - VM CSA needed"
                  },
                  {
                    "content": "Special Entity - VM CSA needed",
                    "value": "Special Entity - VM CSA needed)"
                  },
                  {
                    "content": "Financial End-user - VM CSA needed",
                    "value": "Financial End-user - VM CSA needed"
                  },
                  {
                    "content": "Yes, but anticipate End-User exemption - No VM CSA needed",
                    "value": "Yes, but anticipate End-User exemption - No VM CSA needed"
                  },
                  {
                    "content": "Not sure",
                    "value": "Not sure"
                  }
                ],
                "valueKey": "@dp.clientDetails-additionalDetails-isCounterpartyFinancialEntityOrSpecialEntity"
              }
            ]
          },
          {
            "fieldLists": [
              {
                "bindingKey": "negotiatorList",
                "colSpan": 4,
                "errorMessage": "Please choose an option for \"Negotiator\"",
                "isRequired": true,
                "isVisible": true,
                "name": "onboardingTeam-role2",
                "noMatchFound": "Please select valid Negotiator Name",
                "title": "Negotiator",
                "type": "combobox",
                "validValues": [],
                "value": "",
                "valueKey": "@dp.onboardingTeam-role2"
              }
            ]
          },
          {
            "fieldLists": [
              {
                "bindingKey": "docRequestorList",
                "colSpan": 4,
                "errorMessage": "Please choose an option for \"Document requestor\"",
                "isRequired": true,
                "isVisible": true,
                "name": "onboardingTeam-role3",
                "noMatchFound": "Please select valid document requestor",
                "title": "Document requestor",
                "type": "combobox",
                "validValues": [],
                "value": "",
                "valueKey": "@dp.onboardingTeam-role3"
              }
            ]
          },
          {
            "fieldLists": [
              {
                "colSpan": 4,
                "dependentFieldBasedOnValue": {
                  "Yes": {
                    "fields": [
                      "clientDetails-additionalDetails-documentAttachments"
                    ]
                  }
                },
                "errorMessage": "Please choose an option for \"Will you be including any attachments in connection with this document request?\"",
                "isRequired": true,
                "isVisible": true,
                "name": "clientDetails-additionalDetails-willAnyDocumentsBeAttached",
                "radioGroupOptions": [
                  {
                    "label": "Yes",
                    "value": "Yes"
                  },
                  {
                    "label": "No",
                    "value": "No"
                  }
                ],
                "title": "Will you be including any attachments in connection with this document request?",
                "type": "radioGroup",
                "valueKey": "@dp.clientDetails-additionalDetails-willAnyDocumentsBeAttached"
              }
            ]
          },
          {
            "fieldLists": [
              {
                "colSpan": 4,
                "errorLinkText": "",
                "errorMessage": "Choose an option for \"Upload any documents to support this request\"",
                "isRequired": true,
                "isVisible": false,
                "name": "clientDetails-additionalDetails-documentAttachments",
                "title": "Please upload any documents to support this request",
                "type": "text",
                "valueKey": "@dp.clientDetails-additionalDetails-documentAttachments"
              }
            ]
          },
          {
            "fieldLists": [
              {
                "colSpan": 4,
                "isVisible": false,
                "name": "onboardingTeam-role4",
                "title": "Guarantor Name",
                "type": "text",
                "valueKey": "@dp.onboardingTeam-role4"
              }
            ]
          },
          {
            "fieldLists": [
              {
                "colSpan": 4,
                "errorMessage": "Please choose an option for \"Is US bank a lender to this counterparty or any parent or subsidiary?\"",
                "isRequired": true,
                "isVisible": false,
                "name": "clientDetails-additionalDetails-isUSBankLenderToCounterpartyOrParentOrSubsidiary",
                "optionPlaceholderText": "Please select",
                "title": "Is US bank a lender to this counterparty or any parent or subsidiary?",
                "type": "select",
                "validValues": [
                  {
                    "content": "Yes, and I am attaching the Credit Agreement for Hedge Review",
                    "value": "Yes, and I am attaching the Credit Agreement for Hedge Review"
                  },
                  {
                    "content": "Yes, but I do not yet have a copy of Credit Agreement to attach",
                    "value": "Yes, but I do not yet have a copy of Credit Agreement to attach"
                  },
                  {
                    "content": "No",
                    "value": "No"
                  }
                ],
                "valueKey": "@dp.clientDetails-additionalDetails-isUSBankLenderToCounterpartyOrParentOrSubsidiary"
              }
            ]
          },
          {
            "fieldLists": [
              {
                "colSpan": 4,
                "dependentFieldBasedOnValue": {
                  "FX only,DPG and FX,FX and Commodities": {
                    "fields": [
                      "clientDetails-additionalDetails-willClientBeTradingNDFs"
                    ]
                  }
                },
                "errorMessage": "Please choose an option for \"Cross product marketing opportunities\"",
                "isRequired": true,
                "isVisible": true,
                "name": "clientDetails-additionalDetails-crossProductMarketingOpportunities",
                "optionPlaceholderText": "Please select",
                "title": "Cross product marketing opportunities",
                "type": "select",
                "validValues": [
                  {
                    "content": "All products",
                    "value": "All products"
                  },
                  {
                    "content": "DPG only",
                    "value": "DPG only"
                  },
                  {
                    "content": "FX only",
                    "value": "FX only"
                  },
                  {
                    "content": "Commodities only",
                    "value": "Commodities only"
                  },
                  {
                    "content": "DPG and Commodities",
                    "value": "DPG and Commodities"
                  },
                  {
                    "content": "DPG and FX",
                    "value": "DPG and FX"
                  },
                  {
                    "content": "FX and Commodities",
                    "value": "FX and Commodities"
                  }
                ],
                "valueKey": "@dp.clientDetails-additionalDetails-crossProductMarketingOpportunities"
              }
            ]
          },
          {
            "fieldLists": [
              {
                "colSpan": 4,
                "errorMessage": "Please choose an option for \"Will the client be trading NDFs?\"",
                "isRequired": true,
                "isVisible": false,
                "name": "clientDetails-additionalDetails-willClientBeTradingNDFs",
                "optionPlaceholderText": "Please select",
                "title": "Will the client be trading NDFs?",
                "type": "select",
                "validValues": [
                  {
                    "content": "Yes",
                    "value": "Yes"
                  },
                  {
                    "content": "No",
                    "value": "No"
                  },
                  {
                    "content": "Not sure (check with FX team)",
                    "value": "Not sure (check with FX team)"
                  }
                ],
                "valueKey": "@dp.clientDetails-additionalDetails-willClientBeTradingNDFs"
              }
            ]
          }
        ]
      }
    ],
    "showSaveAsDraft": true,
    "showSubmit": true,
    "sidebarContent": {
      "headerContent": "Please fill out the information below for the client you will be onboarding.",
      "headerName": "Document request form (DRF)"
    },
    "submitButtonText": "Save & continue"
  }
}