{
  "data": {
    "name": "Review & approve",
    "prepopulatedDataPoints": {
      "clientDetails-legalName": "",
      "comments": "",
      "onboardingTeam-role1": ""
    },
    "saveAsDraftButtonText": "Save & exit",
    "sectionList": [
      {
        "finalButtonGroupDependent": false,
        "hideSection": false,
        "rowLists": [
          {
            "fieldLists": [
              {
                "isReadOnly": true,
                "isRequired": false,
                "isVisible": true,
                "name": "commentsFromMarketer",
                "type": "inputTextArea",
                "value": "",
                "width": "widthMin"
              }
            ]
          },
          {
            "fieldLists": [
              {
                "isReadOnly": true,
                "isVisible": true,
                "name": "nameOfMarketer",
                "type": "text",
                "value": ""
              }
            ]
          }
        ],
        "sectionName": "commentHistory",
        "sectionTitle": "Comment History"
      },
      {
        "finalButtonGroupDependent": true,
        "hideSection": false,
        "isReadOnly": false,
        "rowLists": [
          {
            "fieldLists": [
              {
                "errorMessage": "Please enter text area",
                "isRequired": false,
                "isVisible": true,
                "maxLength": "300",
                "maxLengthErrorMessage": "Please restrict to 300 chars.",
                "name": "caComments",
                "style": {
                  "display": "inline-block",
                  "height": "118px",
                  "marginBottom": "40px",
                  "width": "886px"
                },
                "title": "Provide any comments",
                "type": "inputTextArea",
                "value": "",
                "valueKey": "@dp.caComments",
                "width": "widthMin"
              }
            ]
          }
        ],
        "sectionName": "CAComment",
        "sectionTitle": "Review & approve"
      }
    ],
    "showSaveAsDraft": true,
    "showSubmit": true,
    "submitButtonText": "Approve"
  }
}