{
  "data": {
    "name": "Select Product",
    "pageNum": 1,
    "prepopulatedDataPoints": {
      "clientDetails-legalName": ""
    },
    "saveAsDraftButtonText": "Save & exit",
    "sectionList": [
      {
        "finalButtonGroupDependent": true,
        "hideSection": false,
        "isReadOnly": false,
        "refId": "selectProduct",
        "required": "* Required Fields",
        "rowLists": [
          {
            "fieldLists": [
              {
                "checkBoxGroupOptions": [
                  {
                    "checked": false,
                    "label": "Commodities"
                  },
                  {
                    "checked": false,
                    "label": "DFI"
                  },
                  {
                    "checked": false,
                    "label": "CAP"
                  },
                  {
                    "checked": false,
                    "label": "Swaps"
                  }
                ],
                "errorMessage": "Please select product(s)",
                "isReadOnly": false,
                "isRequired": true,
                "isVisible": true,
                "name": "productDetails-productType",
                "title": "Select the product(s)",
                "type": "checkBoxGroup",
                "value": "",
                "valueKey": "@dp.productDetails-productType"
              }
            ]
          }
        ],
        "sectionName": "selectProduct",
        "sectionTitle": "",
        "style": {
          "width": "915px"
        }
      }
    ],
    "showSaveAsDraft": true,
    "showSubmit": true,
    "submitButtonText": "Save & continue"
  }
}