{
  "data": {
    "formName": "WebKYCTemplate",
    "isReadOnly": false,
    "sectionList": [
      {
        "containsTable": true,
        "haveCallBackControl": false,
        "hideOnContinue": [
          "tablewithSearchwebkyc"
        ],
        "hideSection": false,
        "isCustomEdit": true,
        "isCustomFormOpen": false,
        "rowLists": [
          {
            "fieldLists": [
              {
                "CustomButtonText": "Skip WebKYC and provide entity name",
                "addClasses": "",
                "buttonText": "Search",
                "defaultSorting": "",
                "errorMessage": "This is a required field",
                "iconToggleTypes": {
                  "primary": "USBIconAdd",
                  "secondary": "USBIconRemove"
                },
                "iconType": "primary",
                "isContinueDependent": false,
                "isError": false,
                "isVisible": true,
                "name": "tablewithSearchwebkyc",
                "noDataFoundMessage": "No results found",
                "onButtonclickRule": [
                  "entityName",
                  "entitytin"
                ],
                "perPage": 2,
                "searchLabel": "",
                "searchPlaceholder": "Search entity name",
                "selectClickRule": [
                  "entityName",
                  "entitytin"
                ],
                "showCustomButton": true,
                "tableHeaders": [
                  {
                    "dataType": "node",
                    "fieldFor": "entityName",
                    "headerName": "Entity Name",
                    "isSortable": true,
                    "sortValues": [
                      "Oldest",
                      "Newest"
                    ]
                  },
                  {
                    "dataType": "node",
                    "fieldFor": "entitytin",
                    "headerName": "Entity TIN",
                    "isSortable": true,
                    "sortValues": [
                      "Oldest",
                      "Newest"
                    ]
                  },
                  {
                    "columnType": "",
                    "dataType": "node",
                    "fieldFor": "source",
                    "headerName": "Source",
                    "isSortable": true,
                    "sortValues": [
                      "Oldest",
                      "Newest"
                    ]
                  },
                  {
                    "columnType": "",
                    "dataType": "node",
                    "fieldFor": "customerType",
                    "headerName": "Customer Type",
                    "isSortable": true,
                    "sortValues": [
                      "Oldest",
                      "Newest"
                    ]
                  },
                  {
                    "columnType": "select",
                    "dataType": "node",
                    "fieldFor": "webKYCID",
                    "headerName": "",
                    "sortValues": [
                      "Oldest",
                      "Newest"
                    ]
                  }
                ],
                "type": "tablewithsearch"
              }
            ]
          },
          {
            "fieldLists": [
              {
                "datapointPath": "entityInfo.entityName",
                "errorMessage": "Please provide entity name.",
                "haveCallBackControl": false,
                "helperTextOptional": "",
                "isDisabled": false,
                "isReadOnly": false,
                "isRequired": true,
                "isVisible": false,
                "maxLength": 255,
                "name": "entityName",
                "style": {
                  "marginRight": "20px",
                  "marginTop": "20px",
                  "width": "280px"
                },
                "title": "Entity name",
                "tooltipText": "",
                "type": "text",
                "value": ""
              },
              {
                "datapointPath": "entityInfo.entitytin",
                "errorMessage": "Please provide entity TIN.",
                "haveCallBackControl": false,
                "helperTextOptional": "",
                "isDisabled": false,
                "isReadOnly": false,
                "isRequired": false,
                "isVisible": false,
                "maxLength": 255,
                "name": "entitytin",
                "style": {
                  "marginRight": "20px",
                  "marginTop": "20px",
                  "width": "280px"
                },
                "title": "Entity TIN",
                "tooltipText": "",
                "type": "text",
                "value": ""
              }
            ]
          }
        ],
        "sectionConditionVisiblity": {
          "requiredFields": [
            "entityName"
          ],
          "sectionNames": [
            "relationShipTeam"
          ]
        },
        "sectionName": "webkyc",
        "sectionTitle": "KYC search",
        "style": {
          "backgroundColor": "#FFFFFF",
          "borderRadius": "4px",
          "boxShadow": "0 2px 4px 0 rgba(0,0,0,0.25)",
          "marginBottom": "20px",
          "width": "100%"
        }
      }
    ],
    "showCancel": false
  }
}
