[
  {
    "completed": false,
    "isDisabled": false,
    "isVisible": true,
    "name": "Select group",
    "selectedTab": true,
    "status": "not_Started",
    "value": "selectgroup"
  },
  {
    "completed": false,
    "isDisabled": true,
    "isVisible": true,
    "name": "Counterparty details",
    "selectedTab": false,
    "status": "not_Started",
    "value": "counterpartydetails"
  },
  {
    "completed": false,
    "isDisabled": false,
    "isVisible": true,
    "name": "US Bank team details",
    "selectedTab": false,
    "status": "not_Started",
    "value": "usbankteamdetails"
  },
  {
    "completed": false,
    "isDisabled": false,
    "isVisible": true,
    "name": "Request rationale and summary of credit risk",
    "selectedTab": false,
    "status": "not_Started",
    "value": "creditrisk"
  },
  {
    "completed": false,
    "isDisabled": false,
    "isVisible": true,
    "name": "Expected exposure and tenor limit request",
    "selectedTab": false,
    "status": "not_Started",
    "value": "exposurelimitrequest"
  },
  {
    "completed": false,
    "isDisabled": false,
    "isVisible": true,
    "name": "Settlement Risk",
    "selectedTab": false,
    "status": "not_Started",
    "value": "settlementrisk"
  },
  {
    "completed": false,
    "isDisabled": false,
    "isVisible": true,
    "name": "ISDA terms and hedge review attachments",
    "selectedTab": false,
    "status": "not_Started",
    "value": "reviewattachments"
  },
  {
    "completed": false,
    "isDisabled": false,
    "isVisible": true,
    "name": "Foreign counterparty approvals and other",
    "selectedTab": false,
    "status": "not_Started",
    "value": "foreigncounterparty"
  },
  {
    "completed": false,
    "isDisabled": false,
    "isVisible": true,
    "name": "Approval requirements",
    "selectedTab": false,
    "status": "not_Started",
    "value": "approvalrequirements"
  },
  {
    "completed": false,
    "isDisabled": false,
    "isVisible": true,
    "name": "Security requirements ",
    "selectedTab": false,
    "status": "not_Started",
    "value": "securityrequirements"
  },
  {
    "completed": false,
    "isDisabled": false,
    "isVisible": true,
    "name": "Review & Submit",
    "selectedTab": false,
    "status": "not_Started",
    "value": "reviewandsubmit"
  }
]