{
    "data": {
        "name": "Request rationale and summary of credit risk",
        "pageNum": 1,
        "saveAsDraftButtonText": "Save & exit",
        "sectionList": [
            {
                "finalButtonGroupDependent": true,
                "hideSection": false,
                "isReadOnly": false,
                "refId": "selectGroup",
                "required": "* Required Fields",
                "rowLists": [
                    {
                        "fieldLists": [
                            {
                                "isVisible": true,
                                "name": "fXRequestRationalCreditRiskSummary",
                                "productTypeVisibilityCheck": [
                                    "DerivativesProductGroup",
                                    "Commodities"
                                ],
                                "style": {
                                    "display": "inline-block",
                                    "height": "118px",
                                    "marginBottom": "40px",
                                    "width": "886px"
                                },
                                "title": "Comments",
                                "type": "inputTextArea",
                                "valType": "alphaNumeric",
                                "value": "",
                                "valueKey": "@dp.fXRequestRationalCreditRiskSummary",
                                "width": "widthMin"
                            }
                        ]
                    }
                ],
                "sectionTitle": "Foreign exchange",
                "style": {
                    "width": "915px"
                }
            },
            {
                "finalButtonGroupDependent": true,
                "hideSection": false,
                "isReadOnly": false,
                "refId": "selectGroup",
                "required": "* Required Fields",
                "rowLists": [
                    {
                        "fieldLists": [
                            {
                                "isVisible": true,
                                "name": "dPGRequestRationalCreditRiskSummary",
                                "productTypeVisibilityCheck": [
                                    "Foreign Exchange",
                                    "Commodities"
                                ],
                                "style": {
                                    "display": "inline-block",
                                    "height": "118px",
                                    "marginBottom": "40px",
                                    "width": "886px"
                                },
                                "title": "Comments",
                                "type": "inputTextArea",
                                "valType": "alphaNumeric",
                                "value": "",
                                "valueKey": "@dp.dPGRequestRationalCreditRiskSummary",
                                "width": "widthMin"
                            }
                        ]
                    }
                ],
                "sectionTitle": "Derivative product group",
                "style": {
                    "width": "915px"
                }
            },
            {
                "finalButtonGroupDependent": true,
                "hideSection": false,
                "isReadOnly": false,
                "refId": "selectGroup",
                "required": "* Required Fields",
                "rowLists": [
                    {
                        "fieldLists": [
                            {
                                "isVisible": true,
                                "name": "commoditiesRequestRationalCreditRiskSummary",
                                "productTypeVisibilityCheck": [
                                    "Foreign Exchange",
                                    "DerivativesProductGroup"
                                ],
                                "style": {
                                    "display": "inline-block",
                                    "height": "118px",
                                    "marginBottom": "40px",
                                    "width": "886px"
                                },
                                "title": "Comments",
                                "type": "inputTextArea",
                                "valType": "alphaNumeric",
                                "value": "",
                                "valueKey": "@dp.commoditiesRequestRationalCreditRiskSummary",
                                "width": "widthMin"
                            }
                        ]
                    }
                ],
                "sectionTitle": "Commodities",
                "style": {
                    "width": "915px"
                }
            }
        ],
        "showSaveAsDraft": true,
        "showSubmit": true,
        "sidebarContent": {
            "headerContent": "",
            "headerName": "Request rationale and summary of credit risk"
        },
        "submitButtonText": "Save & continue"
    }
}