{
  "data": {
    "name": "Expected exposure limit and tenor limit requested",
    "pageNum": 5,
    "prepopulatedDataPoints": {
      "selectGroup": ""
    },
    "saveAsDraftButtonText": "Save & exit",
    "sectionList": [
      {
        "finalButtonGroupDependent": true,
        "hideSection": false,
        "isReadOnly": false,
        "required": "* Required Fields",
        "rowLists": [
          {
            "fieldLists": [
              {
                "colSpan": "2",
                "currencySymbol": "$",
                "customErrorMessage": "Enter only numbers for Expected exposure for any outstanding trades (FX).",
                "errorCode": 0,
                "errorMessage": "\"Expected exposure for any outstanding trades (FX)\" field is mandatory",
                "helperTextOptional": "Line utilization",
                "isReadOnly": false,
                "isRequired": false,
                "isVisible": true,
                "minValue": "0",
                "name": "fXExpectedExposureForOutstandingTrades",
                "productTypeVisibilityCheck": [
                  "Derivative product group (rates)",
                  "Commodities"
                ],
                "title": "Expected exposure for any outstanding trades",
                "type": "inputCurrency",
                "value": "",
                "valueKey": "@dp.fXExpectedExposureForOutstandingTrades"
              }
            ]
          },
          {
            "fieldLists": [
              {
                "colSpan": "1",
                "currencySymbol": "$",
                "customErrorMessage": "Enter only numbers for Existing exposure limit requested (FX).",
                "errorCode": 0,
                "errorMessage": "\"Existing exposure limit requested (FX)\" field is mandatory",
                "haveCallBackControl": true,
                "isReadOnly": false,
                "isRequired": false,
                "isVisible": true,
                "minValue": "0",
                "name": "fXExistingExposureLimitRequested",
                "productTypeVisibilityCheck": [
                  "Derivative product group (rates)",
                  "Commodities"
                ],
                "title": "Existing exposure limit requested",
                "type": "inputCurrency",
                "value": "",
                "valueKey": "@dp.fXExistingExposureLimitRequested",
                "variant": "large"
              },
              {
                "colSpan": "1",
                "currencySymbol": "$",
                "isReadOnly": true,
                "isVisible": true,
                "name": "fXIncrementalExposureLimitRequested",
                "productTypeVisibilityCheck": [
                  "Derivative product group (rates)",
                  "Commodities"
                ],
                "title": "Incremental exposure limit requested",
                "type": "inputCurrency",
                "value": "",
                "valueKey": "@dp.fXIncrementalExposureLimitRequested"
              },
              {
                "colSpan": "1",
                "currencySymbol": "$",
                "customErrorMessage": "Enter only numbers for Proposed exposure limit requested (FX).",
                "errorCode": 0,
                "errorLinkText": "",
                "errorMessage": "\"Proposed exposure limit requested (FX)\" field is mandatory",
                "haveCallBackControl": true,
                "isReadOnly": false,
                "isRequired": false,
                "isVisible": true,
                "minValue": "0",
                "name": "fXProposedExposureLimitRequested",
                "productTypeVisibilityCheck": [
                  "Derivative product group (rates)",
                  "Commodities"
                ],
                "title": "Proposed exposure limit requested",
                "type": "inputCurrency",
                "value": "",
                "valueKey": "@dp.fXProposedExposureLimitRequested",
                "variant": "large"
              }
            ]
          },
          {
            "fieldLists": [
              {
                "colSpan": 2,
                "customErrorMessage": "Enter only numbers for Incremental Exposure Limit Requested (FX).",
                "errorMessage": "\"Existing Tenor Limit (FX)\" field is mandatory",
                "haveCallBackControl": true,
                "helperTextOptional": "In months",
                "isReadOnly": false,
                "isRequired": false,
                "isVisible": true,
                "name": "fXTenorLimit",
                "productTypeVisibilityCheck": [
                  "Derivative product group (rates)",
                  "Commodities"
                ],
                "regexExpression": "^[0-9]\\d*$",
                "title": "Existing tenor limit",
                "type": "text",
                "valType": "regex",
                "value": "",
                "valueKey": "@dp.fXTenorLimit"
              },
              {
                "colSpan": 2,
                "helperTextOptional": "In months",
                "isReadOnly": true,
                "isVisible": true,
                "name": "fXIncrementalTenorLimit",
                "productTypeVisibilityCheck": [
                  "Derivative product group (rates)",
                  "Commodities"
                ],
                "title": "Incremental tenor limit",
                "type": "text",
                "value": "",
                "valueKey": "@dp.fXIncrementalTenorLimit"
              },
              {
                "colSpan": 2,
                "customErrorMessage": "Enter only numbers for Proposed tenor limits (FX).",
                "errorMessage": "\"Proposed tenor limit (FX)\" field is mandatory",
                "haveCallBackControl": true,
                "helperTextOptional": "In months",
                "isReadOnly": false,
                "isRequired": false,
                "isVisible": true,
                "name": "fXProposedTenorLimit",
                "productTypeVisibilityCheck": [
                  "Derivative product group (rates)",
                  "Commodities"
                ],
                "regexExpression": "^[0-9]\\d*$",
                "title": "Proposed tenor limit",
                "type": "text",
                "valType": "regex",
                "value": "",
                "valueKey": "@dp.fXProposedTenorLimit"
              }
            ]
          }
        ],
        "sectionName": "foreignExchange",
        "sectionTitle": "Foreign Exchange"
      },
      {
        "finalButtonGroupDependent": true,
        "hideSection": false,
        "isReadOnly": false,
        "required": "* Required Fields",
        "rowLists": [
          {
            "fieldLists": [
              {
                "colSpan": 4,
                "currencySymbol": "$",
                "customErrorMessage": "Enter only numbers for Expected Exposure for any outstanding trades (DPG).",
                "errorCode": 0,
                "errorMessage": "\"Expected exposure for any outstanding trades (DPG)\" field is mandatory",
                "helperTextOptional": "Line utilization",
                "isReadOnly": false,
                "isRequired": false,
                "isVisible": true,
                "minValue": "0",
                "name": "dPGExpectedExposureForOutstandingTrades",
                "productTypeVisibilityCheck": [
                  "Foreign exchange",
                  "Commodities"
                ],
                "title": "Expected exposure for any outstanding trades",
                "type": "inputCurrency",
                "value": "",
                "valueKey": "@dp.dPGExpectedExposureForOutstandingTrades",
                "variant": "large"
              }
            ]
          },
          {
            "fieldLists": [
              {
                "colSpan": 2,
                "currencySymbol": "$",
                "customErrorMessage": "Enter only numbers for Existing exposure limit requested (DPG).",
                "errorCode": 0,
                "errorMessage": "\"Existing exposure limit requested (DPG)\" field is mandatory",
                "haveCallBackControl": true,
                "isReadOnly": false,
                "isRequired": false,
                "isVisible": true,
                "minValue": "0",
                "name": "dPGExistingExposureLimitRequested",
                "productTypeVisibilityCheck": [
                  "Foreign exchange",
                  "Commodities"
                ],
                "title": "Existing exposure limit requested",
                "type": "inputCurrency",
                "value": "",
                "valueKey": "@dp.dPGExistingExposureLimitRequested",
                "variant": "large"
              },
              {
                "colSpan": 2,
                "isReadOnly": true,
                "isVisible": true,
                "name": "dPGIncrementalExposureLimitRequested",
                "productTypeVisibilityCheck": [
                  "Foreign exchange",
                  "Commodities"
                ],
                "title": "Incremental exposure limit requested",
                "type": "text",
                "value": "",
                "valueKey": "@dp.dPGIncrementalExposureLimitRequested",
                "variant": "large"
              },
              {
                "colSpan": 2,
                "currencySymbol": "$",
                "customErrorMessage": "Enter only numbers for Proposed exposure limit requested (DPG).",
                "errorCode": 0,
                "errorLinkText": "",
                "errorMessage": "\"Proposed exposure limit requested (DPG)\" field is mandatory",
                "haveCallBackControl": true,
                "isReadOnly": false,
                "isRequired": false,
                "isVisible": true,
                "minValue": "0",
                "name": "dPGProposedExposureLimitRequested",
                "productTypeVisibilityCheck": [
                  "Foreign exchange",
                  "Commodities"
                ],
                "title": "Proposed exposure limit requested",
                "type": "inputCurrency",
                "value": "",
                "valueKey": "@dp.dPGProposedExposureLimitRequested",
                "variant": "large"
              }
            ]
          },
          {
            "fieldLists": [
              {
                "colSpan": 2,
                "customErrorMessage": "Enter only numbers for Existing tenor limit (DPG).",
                "errorMessage": "\"Existing tenor limit (DPG)\" field is mandatory",
                "haveCallBackControl": true,
                "helperTextOptional": "In months",
                "isReadOnly": false,
                "isRequired": false,
                "isVisible": true,
                "name": "dPGTenorLimit",
                "productTypeVisibilityCheck": [
                  "Foreign exchange",
                  "Commodities"
                ],
                "regexExpression": "^[0-9]\\d*$",
                "title": "Existing tenor limit",
                "type": "text",
                "valType": "regex",
                "value": "",
                "valueKey": "@dp.dPGTenorLimit"
              },
              {
                "colSpan": 2,
                "errorCode": 0,
                "helperTextOptional": "In months",
                "isReadOnly": true,
                "isVisible": true,
                "name": "dpgIncrementalTenorLimit",
                "productTypeVisibilityCheck": [
                  "Foreign exchange",
                  "Commodities"
                ],
                "title": "Incremental tenor limit",
                "type": "text",
                "value": "",
                "valueKey": "@dp.dPGIncrementalTenorLimit"
              },
              {
                "colSpan": 2,
                "customErrorMessage": "Enter only numbers for Proposed tenor limit (DPG).",
                "errorMessage": "\"Proposed tenor limit (DPG)\" field is mandatory",
                "haveCallBackControl": true,
                "helperTextOptional": "In months",
                "isReadOnly": false,
                "isRequired": false,
                "isVisible": true,
                "name": "dpgProposedTenorLimit",
                "productTypeVisibilityCheck": [
                  "Foreign exchange",
                  "Commodities"
                ],
                "regexExpression": "^[0-9]\\d*$",
                "title": "Proposed tenor limit",
                "type": "text",
                "valType": "regex",
                "value": "",
                "valueKey": "@dp.dPGProposedTenorLimit"
              }
            ]
          }
        ],
        "sectionName": "derivativeProductGroup",
        "sectionTitle": "Derivative product group"
      },
      {
        "finalButtonGroupDependent": true,
        "hideSection": false,
        "isReadOnly": false,
        "required": "* Required Fields",
        "rowLists": [
          {
            "fieldLists": [
              {
                "colSpan": 4,
                "currencySymbol": "$",
                "customErrorMessage": "Enter only numbers for Expected Exposure for any Outstanding Trades (Com).",
                "errorCode": 0,
                "errorMessage": "\"Expected Exposure for any Outstanding Trades (Com)\" field is mandatory",
                "helperTextOptional": "Line utilization",
                "isReadOnly": false,
                "isRequired": false,
                "isVisible": true,
                "minValue": "0",
                "name": "commoditiesExpectedExposureForOutstandingTrades",
                "productTypeVisibilityCheck": [
                  "Foreign exchange",
                  "Derivatives Product Group"
                ],
                "title": "Expected Exposure for any Outstanding Trades",
                "type": "inputCurrency",
                "value": "",
                "valueKey": "@dp.commoditiesExpectedExposureForOutstandingTrades"
              }
            ]
          },
          {
            "fieldLists": [
              {
                "colSpan": 2,
                "currencySymbol": "$",
                "customErrorMessage": "Enter only numbers for Existing Exposure Limit Requested (Com).",
                "errorCode": 0,
                "errorMessage": "\"Existing Exposure Limit Requested (Com)\" field is mandatory",
                "haveCallBackControl": true,
                "isReadOnly": false,
                "isRequired": false,
                "isVisible": true,
                "minValue": "0",
                "name": "commoditiesExistingExposureLimitRequested",
                "productTypeVisibilityCheck": [
                  "Foreign exchange",
                  "Derivatives Product Group"
                ],
                "title": "Existing Exposure Limit Requested",
                "type": "inputCurrency",
                "value": "",
                "valueKey": "@dp.commoditiesExistingExposureLimitRequested",
                "variant": "large"
              },
              {
                "colSpan": 2,
                "currencySymbol": "$",
                "errorCode": 0,
                "isReadOnly": true,
                "isVisible": true,
                "name": "commoditiesIncrementalExposureLimitRequested",
                "productTypeVisibilityCheck": [
                  "Foreign exchange",
                  "Derivatives Product Group"
                ],
                "title": "Incremental Exposure Limit Requested",
                "type": "text",
                "value": "",
                "valueKey": "@dp.commoditiesIncrementalExposureLimitRequested",
                "variant": "large"
              },
              {
                "colSpan": 2,
                "currencySymbol": "$",
                "customErrorMessage": "Enter only numbers for Proposed Exposure Limit Requested (Com).",
                "errorCode": 0,
                "errorLinkText": "",
                "errorMessage": "Enter only numbers for Proposed Exposure Limit Requested (Com).",
                "haveCallBackControl": true,
                "isReadOnly": false,
                "isRequired": false,
                "isVisible": true,
                "minValue": "0",
                "name": "commoditiesProposedExposureLimitRequested",
                "productTypeVisibilityCheck": [
                  "Foreign exchange",
                  "Derivatives Product Group"
                ],
                "title": "Proposed Exposure Limit Requested",
                "type": "inputCurrency",
                "value": "",
                "valueKey": "@dp.commoditiesProposedExposureLimitRequested",
                "variant": "large"
              }
            ]
          },
          {
            "fieldLists": [
              {
                "colSpan": 2,
                "customErrorMessage": "Enter only numbers for Existing Tenor Limit (Com).",
                "errorMessage": "\"Existing tenor limit (Com)\" field is mandatory",
                "haveCallBackControl": true,
                "helperTextOptional": "In months",
                "isReadOnly": false,
                "isRequired": false,
                "isVisible": true,
                "name": "commoditiesTenorLimit",
                "productTypeVisibilityCheck": [
                  "Foreign exchange",
                  "Derivatives Product Group"
                ],
                "regexExpression": "^[0-9]\\d*$",
                "title": "Existing tenor limit",
                "type": "text",
                "valType": "regex",
                "value": "",
                "valueKey": "@dp.commoditiesTenorLimit"
              },
              {
                "colSpan": 2,
                "errorCode": 0,
                "helperTextOptional": "In months",
                "isReadOnly": true,
                "isVisible": true,
                "name": "commoditiesIncrementalTenorLimit",
                "productTypeVisibilityCheck": [
                  "Foreign exchange",
                  "Derivatives Product Group"
                ],
                "title": "Incremental tenor limit",
                "type": "text",
                "value": "",
                "valueKey": "@dp.commoditiesIncrementalTenorLimit"
              },
              {
                "colSpan": 2,
                "customErrorMessage": "Enter only numbers for Proposed Tenor Limit (Com).",
                "errorMessage": "\"Proposed tenor limit (Com)\" field is mandatory",
                "haveCallBackControl": true,
                "helperTextOptional": "In months",
                "isReadOnly": false,
                "isRequired": false,
                "isVisible": true,
                "name": "commoditiesProposedTenorLimit",
                "productTypeVisibilityCheck": [
                  "Foreign exchange",
                  "Derivatives Product Group"
                ],
                "regexExpression": "^[0-9]\\d*$",
                "title": "Proposed tenor limit",
                "type": "text",
                "valType": "regex",
                "value": "",
                "valueKey": "@dp.commoditiesProposedTenorLimit"
              }
            ]
          }
        ],
        "sectionName": "commodities",
        "sectionTitle": "Commodities"
      },
      {
        "finalButtonGroupDependent": true,
        "hideSection": false,
        "isReadOnly": false,
        "required": "* Required Fields",
        "rowLists": [
          {
            "fieldLists": [
              {
                "colSpan": 2,
                "currencySymbol": "$",
                "isReadOnly": true,
                "isVisible": true,
                "name": "totalExposureLimitProposed",
                "title": "Total exposure limit proposed",
                "type": "text",
                "value": "",
                "valueKey": "@dp.totalExposureLimitProposed"
              },
              {
                "colSpan": 2,
                "errorCode": 0,
                "helperTextOptional": "In months",
                "isReadOnly": true,
                "isVisible": true,
                "name": "totalTenorLimitProposed",
                "title": "Total Tenor limit proposed",
                "type": "text",
                "value": "",
                "valueKey": "@dp.totalTenorLimitProposed"
              }
            ]
          }
        ],
        "sectionName": "totalRequested",
        "sectionTitle": "Total requested"
      }
    ],
    "showSaveAsDraft": true,
    "showSubmit": true,
    "sidebarContent": {
      "headerContent": "Expected exposure for any outstanding trades (i.e. line utilization)",
      "headerName": "Expected exposure limit and tenor limit requested"
    },
    "submitButtonText": "Save & continue"
  }
}