{
  "data": {
    "name": "Foreign counterparty approvals and others",
    "pageNum": 8,
    "saveAsDraftButtonText": "Save & exit",
    "sectionList": [
      {
        "finalButtonGroupDependent": true,
        "hideSection": false,
        "isReadOnly": false,
        "required": "* Required Fields",
        "rowLists": [
          {
            "fieldLists": [
              {
                "colSpan": 4,
                "errorMessage": "Please select one option",
                "isRequired": true,
                "isVisible": true,
                "name": "areAnyForeignCounterPartiesDomiciled",
                "prevValue": "",
                "radioGroupOptions": [
                  {
                    "label": "Yes - Email approval request for Category B counterparties sent to Legal.FX.Foreign.Exposure. Approval@usbank.com for both DPG and FX. All Category C foreign counterparties if listed, will not be permitted to trade with FX/DPG (unless Spot only for FX).",
                    "value": "Yes"
                  },
                  {
                    "label": "No - All foreign counterparties for which FX/DPG will trade are either Spot-Only Accounts (FX) or domiciled in Category A countries.",
                    "value": "No"
                  }
                ],
                "title": "Foreign counterparty - Are any of the foreign counterparties domiciled in a category B or C country?",
                "type": "radioGroup",
                "value": "",
                "valueKey": "@dp.areAnyForeignCounterPartiesDomiciled"
              },
              {
                "colSpan": 4,
                "errorMessage": "Please select one option",
                "isRequired": true,
                "isVisible": true,
                "name": "areThereAnySubsidiariesCounterparties",
                "prevValue": "",
                "radioGroupOptions": [
                  {
                    "label": "Yes - Parent Guarantee. If no Parent Guarantee exists, then Credit must confirm all of the following are true: Applies to FX only as DPG will always has to have a parent guaranty \n1) Wholly-owned by a U.S. parent company. \n2) US Bank participates in a syndicated or direct loan to the parent OR the parent has been appropriately underwritten. \n3) The parent company is assigned an internal PDR of 4 or better OR the long-term senior debt rating is assigned an A3 or A- or better from Moody's or S&P's (external ratings must not be on negative outlook or under review for a downgrade). \n4) The tenor of trades is restricted to 365 days or less.",
                    "value": "Yes"
                  },
                  {
                    "label": "No",
                    "value": "No"
                  }
                ],
                "title": "Subsidiary counterparties - Are there subsidiaries counterparties?",
                "type": "radioGroup",
                "value": "",
                "valueKey": "@dp.areThereAnySubsidiariesCounterparties"
              }
            ]
          }
        ],
        "sectionName": "foreignCounterParty",
        "sectionTitle": "Foreign counterparty approvals and others",
        "style": {
          "width": "915px"
        }
      }
    ],
    "showSaveAsDraft": true,
    "showSubmit": true,
    "submitButtonText": "Save & continue"
  }
}