{
    "data": {
        "name": "Review & submit",
        "prepopulatedDataPoints": {
            "clientDetails-legalName": ""
        },
        "saveAsDraftButtonText": "Save & exit",
        "sectionList": [
            {
                "finalButtonGroupDependent": true,
                "hideSection": false,
                "isReadOnly": false,
                "rowLists": [
                    {
                        "fieldLists": [
                            {
                                "errorMessage": "Please enter Text Area",
                                "isRequired": false,
                                "isVisible": true,
                                "name": "comments",
                                "style": {
                                    "display": "inline-block",
                                    "height": "118px",
                                    "marginBottom": "40px",
                                    "width": "886px"
                                },
                                "title": "Provide any comments",
                                "type": "inputTextArea",
                                "value": "",
                                "valueKey": "@dp.comments",
                                "width": "widthMin"
                            }
                        ]
                    }
                ]
            }
        ],
        "showSaveAsDraft": true,
        "showSubmit": true,
        "sidebarContent": {
            "headerContent": "Please leave any relevant comments",
            "headerName": "Review and submit"
        },
        "submitButtonText": "Submit"
    }
}