{
    "data": {
        "name": "ISDA terms and hedge review attachments",
        "pageNum": 7,
        "saveAsDraftButtonText": "Save & exit",
        "sectionList": [
            {
                "finalButtonGroupDependent": true,
                "hideSection": false,
                "isReadOnly": false,
                "required": "* Required Fields",
                "rowLists": [
                    {
                        "fieldLists": [
                            {
                                "checkBoxGroupOptions": [
                                    {
                                        "checked": false,
                                        "label": "Confirm ISDA terms or contemplated ISDA terms attached"
                                    }
                                ],
                                "colSpan": 4,
                                "errorMessage": "Please select ISDA terms and hedge review attachments",
                                "isReadOnly": false,
                                "isRequired": true,
                                "isVisible": true,
                                "name": "confirmISDAterms",
                                "title": "",
                                "type": "checkBoxGroup",
                                "value": "",
                                "valueKey": "@dp.confirmISDAterms"
                            },
                            {
                                "colSpan": 4,
                                "errorMessage": "Please select one option",
                                "isRequired": true,
                                "isVisible": true,
                                "name": "selectOneForHedgeReview",
                                "prevValue": "",
                                "radioGroupOptions": [
                                    {
                                        "label": "Hedge review for each listed counterparty attached",
                                        "value": "hedgeReviewAttached"
                                    },
                                    {
                                        "label": "Hedge review not attached because there is no credit agreement with the bank",
                                        "value": "hedgeReviewNotAttached"
                                    },
                                    {
                                        "label": "Hedge review not attached because it is in process",
                                        "value": "hedgeReviewInProcess"
                                    }
                                ],
                                "title": "Select one",
                                "type": "radioGroup",
                                "value": "",
                                "valueKey": "@dp.selectOneForHedgeReview"
                            }
                        ]
                    }
                ],
                "sectionName": "ISDAtermsAndHedgeReviewAttachments",
                "sectionTitle": "ISDA terms and hedge review attachments",
                "style": {
                    "width": "915px"
                }
            }
        ],
        "showSaveAsDraft": true,
        "showSubmit": true,
        "submitButtonText": "Save & continue"
    }
}