{
  "data": {
    "name": "Security requirements",
    "pageNum": 10,
    "saveAsDraftButtonText": "Save & exit",
    "sectionList": [
      {
        "finalButtonGroupDependent": true,
        "hideSection": false,
        "isReadOnly": false,
        "required": "* Required Fields",
        "rowLists": [
          {
            "fieldLists": [
              {
                "checkBoxGroupOptions": [
                  {
                    "checked": false,
                    "label": "Confirm if the corresponding loan agreement is secured and/or guaranteed."
                  }
                ],
                "colSpan": 4,
                "errorMessage": "Please select additional requirements",
                "isReadOnly": false,
                "isRequired": true,
                "isVisible": true,
                "name": "ifLoanAgreementSecuredGuaranteed",
                "title": "Security requirements",
                "type": "checkBoxGroup",
                "value": "",
                "valueKey": "@dp.ifLoanAgreementSecuredGuaranteed"
              }
            ]
          }
        ],
        "sectionName": "securityRequirements",
        "sectionTitle": "",
        "style": {
          "width": "915px"
        }
      }
    ],
    "showSaveAsDraft": true,
    "showSubmit": true,
    "submitButtonText": "Save & continue"
  }
}