{
    "data": {
        "name": "Select product group(s)",
        "saveAsDraftButtonText": "Save & exit",
        "sectionList": [
            {
                "finalButtonGroupDependent": true,
                "hideSection": false,
                "isReadOnly": false,
                "refId": "selectGroup",
                "required": "* Required Fields",
                "rowLists": [
                    {
                        "fieldLists": [
                            {
                                "checkBoxGroupOptions": [
                                    {
                                        "checked": false,
                                        "label": "Foreign exchange"
                                    },
                                    {
                                        "checked": false,
                                        "label": "Derivative product group (rates)"
                                    },
                                    {
                                        "checked": false,
                                        "label": "Commodities"
                                    }
                                ],
                                "errorMessage": "Please select the product group(s)",
                                "isReadOnly": false,
                                "isRequired": true,
                                "isVisible": true,
                                "name": "selectGroup",
                                "title": "Select the product group(s)",
                                "type": "checkBoxGroup",
                                "value": "",
                                "valueKey": "@dp.selectGroup"
                            }
                        ]
                    }
                ],
                "sectionTitle": "",
                "style": {
                    "width": "915px"
                }
            }
        ],
        "showSaveAsDraft": true,
        "showSubmit": true,
        "submitButtonText": "Save & continue"
    }
}