{
    "data": {
        "name": "Settlement risk",
        "pageNum": 6,
        "prepopulatedDataPoints": {
            "selectGroup": ""
        },
        "saveAsDraftButtonText": "Save & exit",
        "sectionList": [
            {
                "finalButtonGroupDependent": true,
                "hideSection": false,
                "isReadOnly": false,
                "required": "* Required Fields",
                "rowLists": [
                    {
                        "fieldLists": [
                            {
                                "colSpan": "2",
                                "currencySymbol": "$",
                                "customErrorMessage": "Enter only numbers for \"Recommended starting point for NDSL per new guidelines\".",
                                "errorCode": 0,
                                "errorMessage": "\"Recommended starting point for NDSL per new guidelines\" field is mandatory",
                                "isReadOnly": false,
                                "isRequired": false,
                                "isVisible": true,
                                "minValue": "0",
                                "name": "fXRecommendedStartingPointForNSDL",
                                "productTypeVisibilityCheck": [
                                    "Derivative product group (rates)",
                                    "Commodities"
                                ],
                                "title": "Recommended starting point for NDSL per new guidelines",
                                "type": "inputCurrency",
                                "value": "",
                                "valueKey": "@dp.fXRecommendedStartingPointForNSDL"
                            }
                        ]
                    },
                    {
                        "fieldLists": [
                            {
                                "colSpan": "1",
                                "currencySymbol": "$",
                                "customErrorMessage": "Enter only numbers for Existing Settlement Risk.",
                                "errorCode": 0,
                                "errorMessage": "\"Existing Settlement Risk (FX)\" field is mandatory",
                                "haveCallBackControl": true,
                                "isReadOnly": false,
                                "isRequired": false,
                                "isVisible": true,
                                "minValue": "0",
                                "name": "fXExistingSettlementRisk",
                                "productTypeVisibilityCheck": [
                                    "Derivative product group (rates)",
                                    "Commodities"
                                ],
                                "title": "Existing Settlement Risk (NSDL)",
                                "type": "inputCurrency",
                                "value": "",
                                "valueKey": "@dp.fXExistingSettlementRisk",
                                "variant": "large"
                            },
                            {
                                "colSpan": "1",
                                "currencySymbol": "$",
                                "isReadOnly": true,
                                "isVisible": true,
                                "minValue": "0",
                                "name": "fXIncrementalSettlementRisk",
                                "productTypeVisibilityCheck": [
                                    "Derivative product group (rates)",
                                    "Commodities"
                                ],
                                "title": "Incremental Settlement Risk",
                                "type": "inputCurrency",
                                "value": "",
                                "valueKey": "@dp.fXIncrementalSettlementRisk",
                                "variant": "large"
                            },
                            {
                                "colSpan": "1",
                                "currencySymbol": "$",
                                "customErrorMessage": "Enter only numbers for Proposed Settlement Risk.",
                                "errorCode": 0,
                                "errorLinkText": "",
                                "errorMessage": "\"Proposed Settlement Risk (FX)\" field is mandatory",
                                "haveCallBackControl": true,
                                "isReadOnly": false,
                                "isRequired": false,
                                "isVisible": true,
                                "minValue": "0",
                                "name": "fXProposedSettlementRisk",
                                "productTypeVisibilityCheck": [
                                    "Derivative product group (rates)",
                                    "Commodities"
                                ],
                                "title": "Proposed Settlement Risk",
                                "type": "inputCurrency",
                                "value": "",
                                "valueKey": "@dp.fXProposedSettlementRisk",
                                "variant": "large"
                            }
                        ]
                    },
                    {
                        "fieldLists": [
                            {
                                "colSpan": 2,
                                "customErrorMessage": "Enter only numbers for Settlement Type.",
                                "errorLinkText": "",
                                "errorMessage": "\"Settlement Type\" field is mandatory",
                                "isReadOnly": false,
                                "isRequired": false,
                                "isVisible": true,
                                "name": "fXSettlementType",
                                "productTypeVisibilityCheck": [
                                    "Derivative product group (rates)",
                                    "Commodities"
                                ],
                                "radioGroupOptions": [
                                    {
                                        "label": "Standard",
                                        "value": "Standard"
                                    },
                                    {
                                        "label": "Prior Cover Required (PCR)",
                                        "value": "Prior Cover Required (PCR)"
                                    }
                                ],
                                "title": "Settlement Type",
                                "type": "radioGroup",
                                "value": "",
                                "valueKey": "@dp.fXSettlementType"
                            }
                        ]
                    }
                ],
                "sectionName": "foreignExchange",
                "sectionSubHeading": "This credit request requires standard underwriting criteria (financial analysis). Behavioral criteria does not apply.",
                "sectionTitle": "Foreign exchange"
            },
            {
                "finalButtonGroupDependent": true,
                "hideSection": false,
                "isReadOnly": false,
                "required": "* Required Fields",
                "rowLists": [
                    {
                        "fieldLists": [
                            {
                                "colSpan": "1",
                                "currencySymbol": "$",
                                "customErrorMessage": "Enter only numbers for Existing Settlement Risk.",
                                "errorCode": 0,
                                "errorMessage": "\"Existing Settlement Risk (DPG)\" field is mandatory",
                                "haveCallBackControl": true,
                                "isReadOnly": false,
                                "isRequired": false,
                                "isVisible": true,
                                "minValue": "0",
                                "name": "dPGExistingSettlementRisk",
                                "productTypeVisibilityCheck": [
                                    "Foreign exchange",
                                    "Commodities"
                                ],
                                "title": "Existing Settlement Risk (NSDL)",
                                "type": "inputCurrency",
                                "value": "",
                                "valueKey": "@dp.dPGExistingSettlementRisk",
                                "variant": "large"
                            },
                            {
                                "colSpan": "1",
                                "currencySymbol": "$",
                                "haveCallBackControl": true,
                                "isReadOnly": true,
                                "isVisible": true,
                                "minValue": "0",
                                "name": "dPGIncrementalSettlementRisk",
                                "productTypeVisibilityCheck": [
                                    "Foreign exchange",
                                    "Commodities"
                                ],
                                "title": "Incremental Settlement Risk",
                                "type": "inputCurrency",
                                "value": "",
                                "valueKey": "@dp.dPGIncrementalSettlementRisk"
                            },
                            {
                                "colSpan": "1",
                                "currencySymbol": "$",
                                "customErrorMessage": "Enter only numbers for Proposed Settlement Risk.",
                                "errorCode": 0,
                                "errorLinkText": "",
                                "errorMessage": "\"Proposed Settlement Risk (DPG)\" field is mandatory",
                                "haveCallBackControl": true,
                                "isReadOnly": false,
                                "isRequired": false,
                                "isVisible": true,
                                "minValue": "0",
                                "name": "dPGProposedSettlementRisk",
                                "productTypeVisibilityCheck": [
                                    "Foreign exchange",
                                    "Commodities"
                                ],
                                "title": "Proposed Settlement Risk",
                                "type": "inputCurrency",
                                "value": "",
                                "valueKey": "@dp.dPGProposedSettlementRisk",
                                "variant": "large"
                            }
                        ]
                    },
                    {
                        "fieldLists": [
                            {
                                "colSpan": 2,
                                "customErrorMessage": "Enter only numbers for Settlement Type.",
                                "errorLinkText": "",
                                "errorMessage": "\"Settlement Type\" field is mandatory",
                                "haveCallbackControl": true,
                                "isReadOnly": false,
                                "isRequired": false,
                                "isVisible": true,
                                "name": "dPGSettlementType",
                                "productTypeVisibilityCheck": [
                                    "Foreign exchange",
                                    "Commodities"
                                ],
                                "radioGroupOptions": [
                                    {
                                        "label": "Standard",
                                        "value": "Standard"
                                    },
                                    {
                                        "label": "Prior Cover Required (PCR)",
                                        "value": "Prior Cover Required (PCR)"
                                    }
                                ],
                                "title": "Settlement Type",
                                "type": "radioGroup",
                                "value": "",
                                "valueKey": "@dp.dPGSettlementType"
                            }
                        ]
                    }
                ],
                "sectionName": "derivativeProductGroup",
                "sectionTitle": "Derivative product group"
            },
            {
                "finalButtonGroupDependent": true,
                "hideSection": false,
                "isReadOnly": false,
                "required": "* Required Fields",
                "rowLists": [
                    {
                        "fieldLists": [
                            {
                                "colSpan": 2,
                                "currencySymbol": "$",
                                "isReadOnly": true,
                                "isVisible": true,
                                "name": "totalSettlementRiskProposed",
                                "title": "Total Settlement Risk Proposed",
                                "type": "text",
                                "value": "",
                                "valueKey": "@dp.totalSettlementRiskProposed"
                            }
                        ]
                    }
                ],
                "sectionName": "totalRequested",
                "sectionTitle": "Total requested"
            }
        ],
        "showSaveAsDraft": true,
        "showSubmit": true,
        "sidebarContent": {
            "headerContent": "FX and DPG lines are fungible",
            "headerName": "Settlement risk"
        },
        "submitButtonText": "Save & continue"
    }
}