{
    "data": {
        "name": "U.S. Bank team details",
        "pageNum": 3,
        "saveAsDraftButtonText": "Save & exit",
        "sectionList": [
            {
                "finalButtonGroupDependent": true,
                "hideSection": false,
                "isReadOnly": false,
                "required": "* Required Fields",
                "rowLists": [
                    {
                        "fieldLists": [
                            {
                                "isVisible": true,
                                "name": "onboardingTeam-relationshipManager",
                                "title": "Relationship manager",
                                "type": "text",
                                "value": "",
                                "valueKey": "@dp.onboardingTeam-relationshipManager"
                            },
                            {
                                "isVisible": true,
                                "name": "portfolioManager",
                                "title": "Portfolio manager",
                                "type": "text",
                                "value": "",
                                "valueKey": "@dp.portfolioManager"
                            },
                            {
                                "isVisible": true,
                                "name": "onboardingTeam-role1",
                                "productTypeVisibilityCheck": [
                                    "Foreign Exchange",
                                    "Commodities"
                                ],
                                "title": "DPG marketer",
                                "type": "text",
                                "value": "",
                                "valueKey": "@dp.onboardingTeam-role1"
                            },
                            {
                                "isVisible": true,
                                "name": "dPGRequestType",
                                "optionPlaceholderText": "Please select",
                                "productTypeVisibilityCheck": [
                                    "Foreign Exchange",
                                    "Commodities"
                                ],
                                "title": "DPG request type",
                                "type": "select",
                                "validValues": [
                                    {
                                        "content": "New Line",
                                        "value": "New Line"
                                    },
                                    {
                                        "content": "Modification",
                                        "value": "Modification"
                                    },
                                    {
                                        "content": "Renewal/No Line Change",
                                        "value": "Renewal/No Line Change"
                                    },
                                    {
                                        "content": "Change",
                                        "value": "Change"
                                    },
                                    {
                                        "content": "No Credit Limit",
                                        "value": "No Credit Limit"
                                    }
                                ],
                                "value": "",
                                "valueKey": "@dp.dPGRequestType"
                            },
                            {
                                "isVisible": true,
                                "name": "commoditiesManager",
                                "productTypeVisibilityCheck": [
                                    "DerivativesProductGroup",
                                    "Foreign Exchange"
                                ],
                                "title": "Commodities manager",
                                "type": "text",
                                "value": "",
                                "valueKey": "@dp.commoditiesManager"
                            },
                            {
                                "isVisible": true,
                                "name": "commoditiesRequestType",
                                "optionPlaceholderText": "Please select",
                                "productTypeVisibilityCheck": [
                                    "DerivativesProductGroup",
                                    "Foreign Exchange"
                                ],
                                "title": "Commodities request type",
                                "type": "select",
                                "validValues": [
                                    {
                                        "content": "Modification",
                                        "value": "Modification"
                                    },
                                    {
                                        "content": "Renewal/No Line Change",
                                        "value": "Renewal/No Line Change"
                                    },
                                    {
                                        "content": "Change",
                                        "value": "Change"
                                    },
                                    {
                                        "content": "No Credit Limit",
                                        "value": "No Credit Limit"
                                    }
                                ],
                                "value": "",
                                "valueKey": "@dp.commoditiesRequestType"
                            },
                            {
                                "isVisible": true,
                                "name": "fXMarketer",
                                "productTypeVisibilityCheck": [
                                    "DerivativesProductGroup",
                                    "Commodities"
                                ],
                                "title": "FX marketer",
                                "type": "text",
                                "value": "",
                                "valueKey": "@dp.fXMarketer"
                            },
                            {
                                "isVisible": true,
                                "name": "fXRequestType",
                                "optionPlaceholderText": "Please select",
                                "productTypeVisibilityCheck": [
                                    "DerivativesProductGroup",
                                    "Commodities"
                                ],
                                "title": "FX request type",
                                "type": "select",
                                "validValues": [
                                    {
                                        "content": "New Line",
                                        "value": "New Line"
                                    },
                                    {
                                        "content": "Modification",
                                        "value": "Modification"
                                    },
                                    {
                                        "content": "Renewal/No Line Change",
                                        "value": "Renewal/No Line Change"
                                    },
                                    {
                                        "content": "Change",
                                        "value": "Change"
                                    },
                                    {
                                        "content": "No Credit Limit",
                                        "value": "No Credit Limit"
                                    }
                                ],
                                "value": "",
                                "valueKey": "@dp.fXRequestType"
                            }
                        ]
                    }
                ],
                "sectionTitle": "U.S. Bank team details"
            }
        ],
        "showSaveAsDraft": true,
        "showSubmit": true,
        "submitButtonText": "Save & continue"
    }
}