[
    {
        "onLoad": {
            "function": "updateScreen",
            "param": {
                "objectQuery": [
                    {
                        "Collection": "USP_REFS",
                        "Query": "{$and :[{name : {$in:['binaryRadioGroup','stateGoverningItems','tinOptions','transactionType','accountTypeItems']}},{applicationName: 'accountIntake'}]}",
                        "Alias": "refData"
                    }
                ]
            }
        },
        "column": "grid-container-col3",
        "name": "accountDetails",
        "components": [
            {
                "props": {
                    "title": "Input Account Data"
                },
                "style": {
                    "grid-column": "1 / span 3",
                    "grid-row": "1",
                    "text-align": "left"
                },
                "type": "header",
                "name": "inputAccountData"
            },
            {
                "props": {
                    "name": "Account Short Name"
                },
                "style": {
                    "grid-column": "1",
                    "grid-row": "2"
                },
                "type": "label",
                "name": "shortNameLabel"
            },
            {
                "props": {
                    "errorMessages": {
                        "default": "This field is required"
                    },
                    "initData": "accountInfo.shortName",
                    "inputName": "accountNumber",
                    "labelText": "Account Short Name",
                    "maxlength": 17
                },
                "style": {
                    "grid-column": "2",
                    "grid-row": "2"
                },
                "type": "text",
                "name": "shortName"
            },
            {
                "props": {
                    "name": "Briefly describe the purpose of opening the account"
                },
                "style": {
                    "grid-column": "1",
                    "grid-row": "3"
                },
                "type": "label",
                "name": "purposeLabel"
            },
            {
                "props": {
                    "initData": "accountInfo.purpose",
                    "inputName": "purpose-account",
                    "isResizable": false,
                    "labelText": "Purpose of Account",
                    "addClasses": "purpose",
                    "maxlength": 500
                },
                "style": {
                    "grid-column": "2",
                    "grid-row": "3"
                },
                "type": "textbox",
                "name": "purpose"
            },
            {
                "props": {
                    "name": "To whom will funds or assets be distributed during the life of the account?"
                },
                "style": {
                    "grid-column": "1",
                    "grid-row": "4"
                },
                "type": "label",
                "name": "isDistributedLabel"
            },
            {
                "props": {
                    "data": "binaryRadioGroup",
                    "initData": "accountInfo.isDistributed",
                    "inputName": "lifeaccount-group",
                    "legendText": ""
                },
                "style": {
                    "grid-column": "2",
                    "grid-row": "4"
                },
                "type": "radio",
                "name": "isDistributed"
            },
            {
                "props": {
                    "name": "Does RM/WMA believe that the purpose and reason for the account is clear and legitimate?"
                },
                "style": {
                    "grid-column": "1",
                    "grid-row": "5"
                },
                "type": "label",
                "name": "isLegitimateLabel"
            },
            {
                "props": {
                    "errorMessages": {
                        "default": "This field is required"
                    },
                    "initData": "accountInfo.isLegitimate",
                    "inputName": "reason",
                    "labelText": "Reason",
                    "maxlength": 50
                },
                "style": {
                    "grid-column": "2",
                    "grid-row": "5"
                },
                "type": "text",
                "name": "isLegitimate"
            },
            {
                "props": {
                    "name": "Identify the types of transactions activity anticipated for the account"
                },
                "style": {
                    "grid-column": "1",
                    "grid-row": "6"
                },
                "type": "label",
                "name": "transactionsActivitesLabel"
            },
            {
                "props": {
                    "data": "transactionType",
                    "initData": "accountInfo.transactionsActivites",
                    "inputName": "checkbox-group",
                    "legendText": ""
                },
                "style": {
                    "grid-column": "2",
                    "grid-row": "6"
                },
                "type": "checkbox",
                "name": "transactionsActivites"
            },
            {
                "props": {
                    "name": "State Law Governing Account"
                },
                "style": {
                    "grid-column": "1",
                    "grid-row": "7"
                },
                "type": "label",
                "name": "governingAccount"
            },
            {
                "props": {
                    "data": "stateGoverningItems",
                    "emphasis": "subtle",
                    "id": "test-ID-2",
                    "initData": "accountInfo.governingAccount",
                    "labelText": ""
                },
                "style": {
                    "grid-column": "2",
                    "grid-row": "7",
                    "z-index": "46"
                },
                "type": "dropdown",
                "name": "governingAccount"
            },
            {
                "props": {
                    "name": "Date the Customer Signed the Account Agreement (Agency, Custody or IRA Agreement)"
                },
                "style": {
                    "grid-column": "1",
                    "grid-row": "8"
                },
                "type": "label",
                "name": "signedDateLabel"
            },
            {
                "props": {
                    "dateFormat": "mm/dd/yyyy",
                    "initData": "accountInfo.signedDate",
                    "inputName": "date-input",
                    "labelText": "Customer Signed Date",
                    "occurrence": "past"
                },
                "style": {
                    "grid-column": "2",
                    "grid-row": "8"
                },
                "type": "dateinput",
                "name": "signedDate"
            },
            {
                "props": {
                    "name": "A Valid TIN is required before account opening.How have you obtained the TIN?"
                },
                "style": {
                    "grid-column": "1",
                    "grid-row": "9"
                },
                "type": "label",
                "name": "obtainedTINLabel"
            },
            {
                "props": {
                    "data": "tinOptions",
                    "initData": "accountInfo.obtainedTIN",
                    "inputName": "tinOptions-group",
                    "legendText": ""
                },
                "style": {
                    "grid-column": "2",
                    "grid-row": "9"
                },
                "type": "radio",
                "name": "obtainedTIN"
            },
            {
                "props": {
                    "body": {
                        "components": [
                            {
                                "props": {
                                    "data": "transaction.message"
                                },
                                "style": {
                                    "text-align": "center"
                                },
                                "type": "label"
                            }
                        ]
                    },
                    "footer": {
                        "components": [
                            {
                                "children": "OK",
                                "props": {
                                    "onClick": {
                                        "function": "loadLandingPage",
                                        "param": {
                                            "component": [
                                                "accountIntake.LandingPage"
                                            ]
                                        }
                                    },
                                    "variant": "primary"
                                },
                                "style": {
                                    "text-align": "center"
                                },
                                "type": "button"
                            }
                        ]
                    },
                    "openModal": "transaction.isModalOpen",
                    "title": "Confirmation"
                },
                "style": {},
                "type": "modal",
                "name": "confirmationModal"
            },
            {
                "children": "Save Draft",
                "props": {
                    "variant": "utility"
                },
                "style": {
                    "grid-column": "2",
                    "grid-row": "10",
                    "text-align": "start"
                },
                "type": "button",
                "name": "saveDraft"
            },
            {
                "children": "Submit",
                "props": {
                    "onClick": {
                        "function": "createAccount",
                        "param": {
                            "service": "testService"
                        }
                    },
                    "variant": "primary"
                },
                "style": {
                    "grid-column": "2",
                    "grid-row": "10",
                    "text-align": "end"
                },
                "type": "button",
                "name": "submit"
            },
            {
                "props": {
                    "iconName": "USBIconWallet",
                    "size": 40
                },
                "type": "icon",
                "name": "iconTemplate",
                "style": {
                    "grid-row": "5",
                    "grid-column": "3"
                }
            }
        ],
        "service": [
            {
                "endpoint": "http://localhost:8080/api/onboarding/corp-apply/usp-service/v1/appbuilder/TestService?qStr1=${transaction.testQuery1}&qStr2=${transaction.testQuery2}",
                "method": "post",
                "header": {
                    "Transaction-ID": "${transaction.testId}"
                },
                "name": "testService"
            }
        ],
        "style": {
            "padding-left": "5px"
        }
    }
]