{
    {
      "column": "grid-container-col3",
      "name": "filterSection",
      "components": [
        {
          "props": {
            "data": "actionItems",
            "emphasis": "subtle",
            "id": "test-ID-2",
            "labelText": "Actions"
          },
          "style": {
            "grid-column": "1",
            "grid-row": "1",
            "z-index": "51"
          },
          "type": "dropdown",
          "name": "actions"
        },
        {
          "props": {
            "emphasis": "subtle",
            "id": "test-ID-2",
            "items": [
              {
                "id": 1,
                "value": "Search"
              },
              {
                "id": 2,
                "value": "Search OnboardingID"
              },
              {
                "id": 3,
                "value": "Onboarding Type"
              },
              {
                "id": 4,
                "value": "Advisors"
              }
            ],
            "labelText": "Filter By"
          },
          "style": {
            "grid-column": "2",
            "grid-row": "1",
            "z-index": "50"
          },
          "type": "dropdown",
          "name": "filterBy"
        },
        {
          "props": {
            "dateFormat": "mm/dd/yyyy",
            "helperTextOptional": "",
            "inputName": "date-input",
            "isOptional": "true",
            "labelText": "From Date"
          },
          "style": {
            "grid-column": "3",
            "grid-row": "1"
          },
          "type": "dateinput",
          "name": "fromDate"
        },
        {
          "props": {
            "errorMessages": {
              "default": "This field is required"
            },
            "inputName": "text-input",
            "labelText": "Search"
          },
          "style": {
            "grid-column": "2",
            "grid-row": "2"
          },
          "type": "text",
          "name": "search"
        },
        {
          "props": {
            "dateFormat": "mm/dd/yyyy",
            "inputName": "date-input",
            "isOptional": "true",
            "labelText": "To Date"
          },
          "style": {
            "grid-column": "3",
            "grid-row": "2"
          },
          "type": "dateinput",
          "name": "toDate"
        }
      ],
      "style": {
        "justify-content": "right"
      }
    },
    {
      "column": "grid-container-col1",
      "name": "resultSection",
      "components": [
        {
          "props": {
            "tabs": [
              "My Tasks",
              "Team Tasks",
              "All Requests",
              "All Interactions"
            ]
          },
          "children": [
            {
              "column": "grid-container-col1",
              "name": "myTasks",
              "components": [
                {
                  "props": {
                    "a11yRole": "table",
                    "columnStructure": [
                      {
                        "accessorKey": "accountName",
                        "essential": true,
                        "header": "Account Name",
                        "width": 180
                      },
                      {
                        "accessorKey": "acctNo",
                        "essential": true,
                        "header": "Acct. No.",
                        "width": 150
                      },
                      {
                        "accessorKey": "clientName",
                        "header": "Client Name",
                        "width": 200
                      },
                      {
                        "accessorKey": "moneyCenterRep",
                        "header": "Center Rep",
                        "width": 200
                      }
                    ],
                    "options": {},
                    "initData": "accountDetails"
                  },
                  "type": "table",
                  "name": "accountDetails"
                }
              ]
            }
          ],
          "type": "tabs",
          "name": "tabs"
        }
      ],
      "style": {
        "padding-left": "5px"
      }
    }
  }