{
    {
      "name": "ChartsSection",
      "components": [
        {
          "props": {
            "legendProps": {
              "iconSize": 18,
              "iconType": "diamond",
              "layout": "horizontal",
              "wrapperStyle": {
                "display": "flex",
                "justifyContent": "center"
              }
            },
            "xAxisProps": {
              "dataKey": "Month"
            },
            "yAxisProps": {},
            "cartesianGridProps": {},
            "tooltipProps": {
              "labelKey": "Month"
            },
            "chartAreaProps": [
              {
                "dataKey": "Account",
                "dot": "hexagon",
                "fill": "rgb(0, 30, 121)",
                "fillOpacity": 0.2,
                "stroke": "rgb(0, 30, 121)"
              },
              {
                "dataKey": "Savings",
                "dot": "rhombus",
                "fill": "rgb(207, 42, 54)",
                "fillOpacity": 0.2,
                "stroke": "rgb(207, 42, 54)"
              }
            ],
            "containerProps": {
              "width": 600,
              "aspect": "1.4"
            },
            "chartProps": {
              "data": "savingsDetails"
            }
          },
          "type": "areaChart",
          "name": "areaChartTmpl"
        },
        {
          "props": {
            "legendProps": {
              "iconSize": 18,
              "iconType": "diamond",
              "layout": "horizontal",
              "wrapperStyle": {
                "display": "flex",
                "justifyContent": "center"
              }
            },
            "xAxisProps": {
              "dataKey": "month"
            },
            "yAxisProps": {
              "dataKey": "Account"
            },
            "barProps": {
              "dataKey": "Account",
              "fill": "#2e86ff"
            },
            "tooltipProps": {
              "labelKey": "month"
            },
            "lineProps": {
              "stroke": "green"
            },
            "containerProps": {
              "width": 600,
              "aspect": "1.9"
            },
            "chartProps": {
              "data": "salesDetails"
            }
          },
          "type": "barChart",
          "name": "barChartTmpl"
        },
        {
          "props": {
            "legendProps": {
              "iconSize": 18,
              "iconType": "diamond",
              "layout": "horizontal",
              "wrapperStyle": {
                "display": "flex",
                "justifyContent": "center"
              }
            },
            "containerProps": {
              "width": 600,
              "aspect": "1.4"
            },
            "chartProps": {
              "dataKey": "Budget",
              "data": "budgetdetails",
              "cellProps": [
                {
                  "name": "Housing",
                  "fill": "rgb(10, 135, 248)"
                },
                {
                  "name": "Food",
                  "fill": "rgb(0, 125, 30)"
                },
                {
                  "name": "Insurance",
                  "fill": "rgb(207, 42, 54)"
                },
                {
                  "name": "Savings",
                  "fill": "rgb(235, 94, 1)"
                },
                {
                  "name": "Transportation",
                  "fill": "rgb(0, 30, 121)"
                }
              ]
            }
          },
          "type": "pieChart",
          "name": "pieChartTmpl"
        },
        {
          "props": {
            "legendProps": {
              "iconSize": 18,
              "iconType": "diamond",
              "layout": "horizontal",
              "wrapperStyle": {
                "display": "flex",
                "justifyContent": "center"
              }
            },
            "chartProps": {
              "aria-label": "Scatter Chart,To interact with the data points use left and right arrow keys."
            },
            "xAxisProps": {
              "dataKey": "month"
            },
            "yAxisProps": {
              "dataKey": "Account"
            },
            "tooltipProps": {
              "labelKey": "month"
            },
            "containerProps": {
              "width": 600,
              "aspect": "1.4"
            },
            "chartScatterProps": {
              "name": "Account",
              "data": "salesDetails",
              "chartCellProps": []
            }
          },
          "type": "scatterChart",
          "name": "scatterChartTmpl"
        },
        {
          "props": {
            "legendProps": {
              "iconSize": 18,
              "iconType": "diamond",
              "layout": "horizontal",
              "wrapperStyle": {
                "display": "flex",
                "justifyContent": "center"
              }
            },
            "chartProps": {
              "data": "salesDetails"
            },
            "cartesianGridProps": {
              "stroke": "rgb(140, 210, 245)",
              "vertical": true,
              "horizontal": true
            },
            "xAxisProps": {
              "dataKey": "month"
            },
            "yAxisProps": {
              "dataKey": "Account"
            },
            "tooltipProps": {
              "labelKey": "month"
            },
            "containerProps": {
              "width": 600,
              "aspect": "1.4"
            },
            "lineProps": {
              "dataKey": "Account"
            }
          },
          "type": "lineChart",
          "name": "lineChartTmpl"
        },
        {
          "props": {
            "legendProps": {
              "iconSize": 18,
              "wrapperStyle": {
                "display": "flex",
                "justifyContent": "center"
              }
            },
            "chartProps": {
              "data": "savingsDetails"
            },
            "cartesianGridProps": {
              "stroke": "rgb(242, 242, 245)",
              "vertical": true,
              "horizontal": true
            },
            "xAxisProps": {
              "dataKey": "name"
            },
            "yAxisProps": {},
            "tooltipProps": {
              "labelKey": "Month"
            },
            "containerProps": {
              "width": 600,
              "aspect": "1.4"
            },
            "areaProps": {
              "type": "monotone",
              "dataKey": "Account",
              "aria-label": "composed area"
            },
            "lineProps": {
              "type": "monotone",
              "dataKey": "Savings",
              "aria-label": "composed line",
              "stroke": "rgb(12, 32, 116)"
            }
          },
          "type": "composedChart",
          "name": "composedChartTmpl"
        }
      ],
      "style": {
        "padding-left": "5px"
      }
    }
}