<variable type="FileNetUploadDocRequest" container="ITCFU">
<reqId type="String">216ba853-6b72-413a-9f28-aa0c4a953294_080012704600</reqId>
<docType type="String">14</docType>
<documentDate type="Date">2019/09/12 10:30:47.126 CDT</documentDate>
<comments type="String">5500 TESTING ONLY</comments>
<referenceNumber type="String">432432432432</referenceNumber>
<fileName type="String">Cover Sheet DEV 0910 Multiple 2.pdf</fileName></variable>


FailedUploads_Report    Date range 
AllUploads_Report Date range, status ()
SuccessfullUploads_report 


ReqId   UserId  Status Account Number             Account Short Name         Document Type            Document Date         
1221			 		24152112212                SN2                        12                       12/12/19
						122322112                  SN1
						1231121211                 SN3

24152123323                SN5                        12                       12/12/19
12232211212                SN6
12311212111                SN7
