{
  "leftNavBar": [
    "link 1",
    {
      "isDisabled": true,
      "linkString": "navObj",
      "linkValue": "navObj"
    },
    "link 3"
  ],
  "subRowData": {
    "My Tasks": [
      {
        "iconProps": {
          "iconName": "USBIconAlert"
        },
        "text_label": "label 1",
        "text_title": "title 1"
      },
      {
        "text_label": "label 2",
        "text_title": "title 2"
      },
      {
        "iconProps": {
          "iconName": "USBIconEdit"
        },
        "text_label": "label 3",
        "text_title": "title 3"
      },
      {
        "iconProps": {
          "iconName": "USBIconSuccess"
        },
        "text_label": "label 4",
        "text_title": "title 4"
      },
      {
        "iconProps": {
          "iconName": "USBIconClose"
        },
        "text_label": "label 5",
        "text_title": "title 5"
      },
      {
        "iconProps": {
          "iconName": "USBIconShield"
        },
        "text_label": "label 6",
        "text_title": "title 6"
      }
    ],
    "Team Tasks": [
      {
        "iconProps": {
          "iconName": "USBIconAlert"
        },
        "text_label": "label 1",
        "text_title": "title 1"
      },
      {
        "text_label": "label 2",
        "text_title": "title 2"
      }
    ]
  },
  "subRowTitle": "SubRow Title",
  "tableHeaders": {
    "My Tasks": [
      {
        "accessor": "legalName",
        "id": "Legal Name"
      },
      {
        "accessor": "productFamily",
        "id": "Product Family"
      },
      {
        "accessor": "productName",
        "id": "Product Name"
      },
      {
        "accessor": "productType",
        "id": "Product Type"
      },
      {
        "accessor": "icons",
        "id": "Icons"
      }
    ],
    "Section Tasks": [
      {
        "accessor": "role",
        "id": "Role"
      },
      {
        "accessor": "total open",
        "id": "Total Open"
      },
      {
        "accessor": "aged 31-45",
        "id": "Aged 31-45"
      },
      {
        "accessor": "aged 46-75",
        "id": "Aged 46-75"
      },
      {
        "accessor": "aged 76-90",
        "id": "Aged 76-90"
      },
      {
        "accessor": "aged 90+",
        "id": "Aged 90+"
      }
    ],
    "Team Tasks": [
      {
        "accessor": "legalName",
        "id": "Legal Name"
      },
      {
        "accessor": "productFamily",
        "id": "Product Family"
      },
      {
        "accessor": "productName",
        "id": "Product Name"
      },
      {
        "accessor": "productType",
        "id": "Product Type"
      },
      {
        "accessor": "icons",
        "id": "Icons"
      }
    ]
  },
  "tabs": [
    "My Tasks",
    "Team Tasks",
    "All Requests",
    "All Interactions"
  ]
}